165401,-1.41
0967,33.32
521062,33.32
521157,33.30
521253,33.32

520489,33.31
520585,33.29
520680,33.29
520775,33.30
520871,33.32
520967,33.32
521062,33.32
521157,33.30
521253,33.32

520489,33.31
520585,33.29
520680,33.29
520775,33.30
520871,33.32
520967,33.32
521062,33.32
521157,33.30
521253,33.32
4402,0.01
4498,0.01
4593,0.01
4688,0.01
4784,-0.01
4880,-0.01
4975,-0.02
5070,-0.02
5166,-0.01
5261,-0.01
5357,-0.03
5452,-0.03
5548,-0.03
5643,-0.05
5739,-0.06
5834,-0.07
5929,-0.06
6025,-0.06
6120,-0.08
6216,-0.09
6311,-0.09
6407,-0.07
6502,-0.06
6598,-0.07
6693,-0.06
6789,-0.06
6884,-0.08
6979,-0.06
7075,-0.05
7171,-0.05
7266,-0.07
7361,-0.08
7457,-0.06
7553,-0.06
7648,-0.08
7743,-0.08
7838,-0.07
7934,-0.06
8030,-0.07
8125,-0.08
8220,-0.10
8316,-0.09
8412,-0.10
8507,-0.11
8602,-0.12
8697,-0.11
8794,-0.11
8889,-0.13
8984,-0.12
9079,-0.10
9176,-0.09
9271,-0.08
9366,-0.08
9461,-0.09
9556,-0.08
9653,-0.08
9748,-0.08
9843,-0.07
9938,-0.08
10035,-0.09
10130,-0.08
10225,-0.08
10320,-0.08
10416,-0.10
10512,-0.13
10607,-0.13
10702,-0.13
10798,-0.15
10894,-0.14
10989,-0.15
11084,-0.15
11180,-0.15
11276,-0.15
11371,-0.13
11466,-0.15
11561,-0.15
11657,-0.13
11753,-0.12
11848,-0.13
11943,-0.13
12039,-0.11
12135,-0.10
12230,-0.10
12325,-0.10
12421,-0.12
12516,-0.13
12612,-0.15
12707,-0.16
12803,-0.16
12898,-0.17
12994,-0.17
13089,-0.17
13185,-0.16
13280,-0.16
13375,-0.17
13471,-0.17
13566,-0.17
13662,-0.15
13757,-0.15
13853,-0.14
13948,-0.13
14044,-0.13
14139,-0.13
14234,-0.13
14330,-0.13
14426,-0.12
14521,-0.10
14616,-0.10
14712,-0.10
14808,-0.09
14903,-0.08
14998,-0.08
15093,-0.08
15190,-0.07
15285,-0.06
15380,-0.08
15475,-0.08
15570,-0.07
15667,-0.06
15762,-0.03
15857,-0.03
15952,-0.03
16049,-0.03
16144,-0.03
16239,-0.05
16334,-0.06
16430,-0.06
16526,-0.08
16621,-0.10
16716,-0.09
16812,-0.10
16908,-0.11
17003,-0.10
17098,-0.10
17193,-0.09
17290,-0.10
17385,-0.11
17480,-0.13
17575,-0.13
17671,-0.12
17767,-0.11
17862,-0.12
17957,-0.12
18053,-0.10
18149,-0.09
18244,-0.08
18339,-0.07
18435,-0.08
18530,-0.08
18626,-0.07
18721,-0.09
18817,-0.09
18912,-0.13
19008,-0.14
19103,-0.13
19198,-0.13
19294,-0.13
19389,-0.13
19485,-0.15
19580,-0.13
19676,-0.11
19771,-0.13
19866,-0.15
19962,-0.17
20058,-0.15
20153,-0.15
20248,-0.16
20344,-0.15
20440,-0.13
20535,-0.12
20630,-0.10
20725,-0.10
20822,-0.13
20917,-0.14
21012,-0.15
21107,-0.14
21203,-0.13
21299,-0.14
21394,-0.15
21489,-0.17
21584,-0.17
21681,-0.19
21776,-0.20
21871,-0.20
21966,-0.17
22063,-0.17
22158,-0.18
22253,-0.20
22348,-0.22
22444,-0.19
22540,-0.15
22635,-0.13
22730,-0.13
22825,-0.13
22922,-0.12
23017,-0.10
23112,-0.09
23207,-0.07
23303,-0.05
23399,-0.01
23494,0.01
23589,0.01
23685,-0.01
23780,-0.01
23876,-0.01
23971,0.01
24067,0.02
24162,0.01
24258,0.00
24353,-0.01
24449,0.01
24544,0.01
24639,0.02
24735,0.00
24830,-0.01
24926,-0.02
25021,-0.01
25117,-0.01
25212,-0.01
25308,0.01
25403,0.02
25498,0.01
25594,0.00
25690,0.00
25785,0.01
25880,0.03
25976,0.01
26072,0.01
26167,0.00
26262,-0.01
26357,-0.01
26454,-0.01
26549,-0.01
26644,-0.03
26739,-0.06
26835,-0.08
26931,-0.10
27026,-0.11
27121,-0.11
27216,-0.11
27313,-0.10
27408,-0.11
27503,-0.12
27598,-0.12
27695,-0.10
27790,-0.08
27885,-0.06
27980,-0.06
28076,-0.08
28172,-0.08
28267,-0.09
28362,-0.09
28457,-0.10
28553,-0.10
28649,-0.10
28744,-0.09
28839,-0.08
28935,-0.08
29031,-0.08
29126,-0.10
29221,-0.09
29317,-0.09
29412,-0.08
29508,-0.09
29603,-0.10
29699,-0.10
29794,-0.10
29890,-0.09
29985,-0.08
30081,-0.07
30176,-0.07
30271,-0.07
30367,-0.07
30462,-0.06
30558,-0.06
30653,-0.06
30748,-0.04
30844,-0.04
30940,-0.05
31035,-0.06
31130,-0.06
31226,-0.05
31322,-0.05
31417,-0.03
31512,-0.03
31607,-0.01
31704,0.00
31799,-0.01
31894,-0.01
31989,0.01
32086,-0.01
32181,-0.03
32276,-0.06
32371,-0.06
32466,-0.07
32563,-0.08
32658,-0.08
32753,-0.10
32848,-0.10
32944,-0.10
33040,-0.10
33135,-0.11
33230,-0.11
33326,-0.12
33422,-0.12
33517,-0.10
33612,-0.08
33708,-0.08
33803,-0.07
33899,-0.06
33994,-0.06
34089,-0.05
34185,-0.04
34281,-0.02
34376,-0.03
34471,-0.02
34567,-0.01
34662,-0.01
34758,-0.02
34853,0.00
34949,0.01
35044,0.01
35139,0.00
4314,0.00
4409,-0.01
4504,0.01
4600,0.01
4696,0.00
4791,-0.01
4886,-0.01
4981,-0.02
5078,-0.03
5173,-0.02
5268,-0.02
5363,-0.03
5458,-0.03
5555,-0.03
5650,-0.02
5745,-0.03
5840,-0.03
5937,-0.02
6032,0.00
6127,0.01
6222,0.02
6318,0.02
6414,0.01
6509,0.01
6604,0.01
6700,0.02
6795,0.02
6891,0.01
6986,0.03
7081,0.06
7177,0.06
7273,0.05
7368,0.05
7463,0.07
7559,0.08
7654,0.08
7750,0.07
7845,0.06
7941,0.06
8036,0.06
8132,0.06
8227,0.08
8323,0.09
8418,0.09
8513,0.08
8609,0.11
8705,0.12
8800,0.12
8895,0.13
8990,0.13
9086,0.13
9182,0.13
9277,0.13
9372,0.13
9468,0.13
9564,0.15
9659,0.16
9754,0.18
9849,0.20
9946,0.20
10041,0.19
10136,0.17
10231,0.20
10327,0.20
10423,0.18
10518,0.17
10613,0.15
10708,0.15
10805,0.14
10900,0.11
10995,0.08
11090,0.08
11186,0.09
11282,0.09
11377,0.07
11472,0.05
11568,0.03
11664,0.02
11759,0.03
11854,0.02
11950,0.01
12045,-0.01
12141,-0.01
12236,-0.01
12332,-0.01
12427,0.00
12522,0.01
12618,0.03
12713,0.03
12809,0.04
12904,0.05
13000,0.31
13095,5.33
13191,38.24
13286,84.46
13381,120.05
13477,153.06
13573,184.35
13668,214.80
13763,244.49
13858,273.09
13955,301.49
14050,329.69
14145,357.20
14240,384.43
14337,411.53
14432,438.21
14527,464.34
14622,485.78
14717,485.78
14814,476.55
14909,439.61
15004,404.28
15099,370.97
15195,339.26
15291,308.19
15386,277.77
15481,248.41
15577,219.24
15672,190.28
15768,161.98
15863,133.93
15959,106.02
16054,78.53
16150,51.28
16245,24.07
16340,-0.42
16436,-10.54
16531,-11.63
16627,-12.13
16722,-12.53
16818,-12.74
16913,-12.85
17008,-12.93
17104,-13.00
17200,-13.06
17295,-13.11
17390,-13.15
17486,-13.19
17582,-13.23
17677,-13.29
17772,-13.34
17867,-13.41
17964,-13.47
18059,-13.51
18154,-13.56
18249,-13.61
18344,-13.69
18441,-13.75
18536,-13.75
18631,-12.65
18726,-12.71
18822,-13.45
18918,-14.54
19013,-15.69
19108,-16.83
19204,-17.95
19300,-19.06
19395,-20.16
19490,-21.24
19586,-22.33
19681,-23.39
19777,-24.44
19872,-25.46
19968,-26.51
20063,-27.53
20158,-28.57
20254,-30.77
20349,-31.11
20445,-31.11
20540,-31.12
20636,-31.09
20731,-31.03
20827,-30.99
20922,-30.96
21017,-30.93
21113,-30.90
21209,-30.87
21304,-30.84
21399,-30.81
21494,-30.80
21591,-30.79
21686,-30.79
21781,-30.80
21876,-30.79
21972,-30.77
22068,-30.77
22163,-30.76
22258,-30.73
22353,-30.71
22450,-30.70
22545,-30.69
22640,-30.67
22735,-30.64
22831,-30.62
22927,-30.61
23022,-30.61
23117,-30.60
23213,-30.60
23309,-30.58
23404,-30.57
23499,-30.56
23595,-30.55
23690,-30.54
23786,-30.52
23881,-30.52
23976,-30.53
24072,-30.53
24167,-30.54
24263,-30.53
24358,-30.54
24454,-30.55
24549,-30.55
24645,-30.55
24740,-30.56
24836,-30.58
24931,-30.59
25026,-30.58
25122,-30.57
25218,-30.55
25313,-30.54
25408,-30.53
25503,-30.53
25600,-30.52
25695,-30.49
25790,-30.48
25885,-30.45
25981,-30.43
26077,-30.42
26172,-30.42
26267,-30.44
26362,-30.42
26459,-30.40
26554,-30.37
26649,-30.35
26744,-30.33
26840,-30.31
26936,-30.32
27031,-30.32
27126,-30.31
27222,-30.29
27317,-30.28
27413,-30.29
27508,-30.32
27603,-30.33
27699,-30.34
27795,-30.34
27890,-30.33
27985,-30.35
28081,-30.37
28176,-30.38
28272,-30.38
28367,-30.39
28463,-30.39
28558,-30.38
28653,-30.38
28749,-30.37
28845,-30.37
28940,-30.37
29035,-30.36
29131,-30.32
29227,-30.30
29322,-30.30
29417,-30.29
29512,-30.28
29608,-30.29
29704,-30.26
29799,-30.26
29894,-30.26
29989,-30.26
30086,-30.27
30181,-30.30
30276,-30.30
30371,-30.31
30467,-30.32
30563,-30.33
30658,-30.36
30753,-30.39
30849,-30.40
30945,-30.40
31040,-30.40
31135,-30.40
31230,-30.40
31326,-30.42
31422,-30.42
31517,-30.41
31612,-30.40
31708,-30.41
31803,-30.42
31899,-30.41
31994,-30.42
32090,-30.44
32185,-30.46
32281,-30.45
32376,-30.43
32472,-30.41
32567,-30.41
32662,-30.41
32758,-30.40
32854,-30.39
32949,-30.37
33044,-30.37
33139,-30.37
33235,-30.37
33331,-30.40
33426,-30.40
33521,-30.40
33616,-30.37
33713,-30.37
33808,-30.34
33903,-30.32
33998,-30.30
34095,-30.31
34190,-30.33
34285,-30.35
34380,-30.36
34476,-30.37
34572,-30.40
34667,-30.42
34762,-30.40
34857,-30.39
34953,-30.39
35049,-30.37
35144,-30.34
35239,-30.33
35335,-30.35
35430,-30.36
35526,-30.37
35621,-30.37
35717,-30.38
35812,-30.40
35907,-30.39
36003,-30.39
36099,-30.40
36194,-30.40
36289,-30.39
36385,-30.40
36481,-30.42
36576,-30.47
36671,-30.47
36766,-30.45
36862,-30.47
36958,-30.51
37053,-30.54
37148,-30.55
37243,-30.55
37340,-30.57
37435,-30.58
37530,-30.59
37625,-30.60
37721,-30.62
37817,-30.61
37912,-30.60
38007,-30.60
38103,-30.62
38199,-30.63
38294,-30.63
38389,-30.64
38484,-30.65
38580,-30.66
38676,-30.65
38771,-30.63
38866,-30.64
38962,-30.65
39057,-30.66
39153,-30.65
39248,-30.65
39344,-30.65
39439,-30.64
39534,-30.64
39630,-30.64
39726,-30.63
39821,-30.62
39916,-30.62
40011,-30.61
40108,-30.60
40203,-30.62
40298,-30.62
40393,-30.61
40489,-30.60
40585,-30.59
40680,-30.58
40775,-30.60
40870,-30.62
40967,-30.62
41062,-30.62
41157,-30.63
41252,-30.66
41348,-30.69
41444,-30.71
41539,-30.71
41634,-30.70
41730,-30.69
41825,-30.67
41921,-30.67
42016,-30.67
42112,-30.68
42207,-30.70
42302,-30.73
42398,-30.75
42493,-30.77
42589,-30.76
42684,-30.77
42780,-30.79
42875,-30.79
42971,-30.79
43066,-30.78
43161,-30.79
43257,-30.79
43353,-30.78
43448,-30.79
43543,-30.79
43638,-30.79
43735,-30.81
43830,-30.83
43925,-30.82
44020,-30.82
44115,-30.84
44212,-30.85
44307,-30.86
44402,-30.88
44497,-30.87
44593,-30.85
44689,-30.86
44784,-30.88
44879,-30.89
44975,-30.89
45070,-30.91
45166,-30.94
45261,-30.95
45357,-30.97
45452,-30.99
45548,-31.00
45643,-31.01
45739,-31.03
45834,-31.02
45929,-31.01
46025,-31.01
46120,-31.00
46216,-31.02
46311,-31.04
46406,-31.06
46502,-31.06
46598,-31.07
46693,-31.10
46788,-31.11
46883,-31.13
46980,-31.15
47075,-31.16
47170,-31.16
47265,-31.16
47361,-31.16
47457,-31.16
47552,-31.18
47647,-31.19
47742,-31.20
47838,-31.21
47934,-31.22
48029,-31.20
48124,-31.20
48220,-31.20
48316,-31.21
48411,-31.23
4371,0.01
4466,-0.01
4561,-0.01
4657,-0.01
4753,-0.03
4848,-0.04
4943,-0.05
5039,-0.03
5135,-0.02
5230,-0.01
5325,-0.02
5421,-0.05
5516,-0.06
5612,-0.06
5707,-0.06
5803,-0.07
5898,-0.06
5993,-0.06
6089,-0.05
6184,-0.06
6280,-0.07
6375,-0.06
6471,-0.06
6566,-0.05
6662,-0.05
6757,-0.04
6852,-0.03
6948,-0.03
7044,-0.02
7139,-0.01
7234,0.01
7329,0.01
7426,0.02
7521,0.04
7616,0.04
7711,0.04
7808,0.03
7903,0.03
7998,0.04
8093,0.04
8188,0.03
8285,0.05
8380,0.05
8475,0.06
8570,0.06
8666,0.06
8762,0.06
8857,0.03
8952,0.00
9048,-0.01
9143,-0.01
9239,-0.01
9334,-0.02
9430,-0.01
9525,0.01
9621,0.02
9716,0.02
9811,0.01
9907,0.00
10002,-0.01
10098,-0.03
10193,-0.06
10289,-0.07
10384,-0.08
10479,-0.09
10575,-0.08
10671,-0.06
10766,-0.08
10861,-0.10
10957,-0.12
11053,-0.11
11148,-0.11
11243,-0.11
11338,-0.14
11435,-0.15
11530,-0.15
11625,-0.16
11720,-0.16
11815,-0.14
11912,-0.13
12007,-0.11
12102,-0.10
12197,-0.10
12294,-0.11
12389,-0.13
12484,-0.12
12579,-0.10
12675,-0.10
12771,-0.12
12866,-0.13
12961,-0.15
13057,-0.15
13152,-0.13
13248,-0.12
13343,-0.11
13438,-0.10
13534,-0.11
13629,-0.13
13725,-0.15
13820,-0.17
13916,-0.17
14011,-0.17
14107,-0.16
14202,-0.17
14298,-0.15
14393,-0.14
14488,0.31
14584,5.75
14680,36.84
14775,83.50
14870,116.29
14965,145.82
15062,173.53
15157,200.19
15252,226.87
15347,252.94
15443,278.18
15539,302.91
15634,327.33
15729,351.65
15824,375.84
15921,400.02
16016,423.92
16111,442.82
16206,442.82
16302,435.89
16398,413.20
16493,400.87
16588,379.00
16684,352.59
16780,326.79
16875,300.38
16970,274.04
17065,248.42
17161,223.28
17257,198.41
17352,173.61
17447,148.85
17543,124.21
17638,99.58
17734,74.79
17829,50.17
17925,25.79
18020,4.88
18116,-3.24
18211,-4.97
18307,-6.26
18402,-6.98
18497,-7.16
18593,-7.20
18689,-7.21
18784,-7.21
18879,-7.19
18974,-7.16
19070,-7.13
19166,-7.09
19261,-7.10
19356,-7.07
19451,-7.04
19548,-7.02
19643,-7.00
19738,-6.97
19833,-6.93
19930,-6.90
20025,-6.88
20120,-6.85
20215,-6.84
20311,-6.81
20407,-6.79
20502,-6.77
20597,-6.73
20692,-6.70
20788,-6.70
20884,-6.70
20979,-6.67
21074,-6.67
21170,-6.68
21265,-6.68
21361,-6.68
21456,-6.66
21552,-6.03
21647,-6.11
21743,-6.51
21838,-7.01
21934,-7.48
22029,-7.97
22124,-8.48
22220,-9.00
22316,-9.54
22411,-10.08
22506,-10.57
22601,-11.06
22697,-11.55
22793,-12.07
22888,-12.56
22983,-13.04
23078,-13.56
23175,-14.70
23270,-14.83
23365,-14.85
23460,-14.83
23557,-14.87
23652,-14.90
23747,-14.92
23842,-14.92
23938,-14.93
24034,-14.91
24129,-14.90
24224,-14.90
24320,-14.88
24415,-14.89
24511,-14.87
24606,-14.86
24701,-14.87
24797,-14.87
24892,-14.84
24988,-14.83
25083,-14.83
25179,-14.83
25274,-14.82
25369,-14.82
25465,-14.83
25561,-14.83
25656,-14.82
25751,-14.81
25847,-14.80
25943,-14.81
26038,-14.85
26133,-14.86
26228,-14.88
26324,-14.88
26420,-14.86
26515,-14.85
26610,-14.86
26705,-14.87
26802,-14.88
26897,-14.89
26992,-14.90
27087,-14.90
27183,-14.90
27279,-14.90
27374,-14.90
27469,-14.90
27565,-14.90
27660,-14.90
27756,-14.89
27851,-14.89
27947,-14.89
28042,-14.88
28138,-14.88
28233,-14.88
28328,-14.87
28424,-14.86
28519,-14.86
28615,-14.84
28710,-14.82
28806,-14.80
28901,-14.79
28996,-14.80
29092,-14.79
29188,-14.79
29283,-14.79
29378,-14.79
29473,-14.79
29570,-14.77
29665,-14.77
29760,-14.78
29855,-14.78
29952,-14.79
30047,-14.81
30142,-14.83
30237,-14.82
30332,-14.83
30429,-14.85
30524,-14.86
30619,-14.85
30714,-14.84
30810,-14.85
30906,-14.86
31001,-14.86
31096,-14.86
31192,-14.86
31287,-14.88
31383,-14.88
31478,-14.88
31574,-14.87
31669,-14.88
31764,-14.88
31860,-14.88
31955,-14.89
32051,-14.88
32146,-14.88
32242,-14.89
32337,-14.88
32433,-14.89
32528,-14.89
32623,-14.90
32719,-14.92
32815,-14.92
32910,-14.93
33005,-14.92
33100,-14.91
33197,-14.93
33292,-14.95
33387,-14.95
33482,-14.95
33577,-14.95
33674,-14.95
33769,-14.97
33864,-15.00
33959,-15.02
34055,-15.03
34151,-15.03
34246,-15.04
34341,-15.05
34437,-15.07
34532,-15.09
34628,-15.10
34723,-15.12
34819,-15.13
34914,-15.13
35009,-15.14
35105,-15.14
35201,-15.16
35296,-15.18
35391,-15.21
35487,-15.21
35582,-15.21
35678,-15.20
35773,-15.21
35868,-15.22
35964,-15.23
36060,-15.23
36155,-15.21
36250,-15.23
36345,-15.25
36442,-15.27
36537,-15.29
36632,-15.29
36727,-15.30
36823,-15.32
36919,-15.32
37014,-15.32
37109,-15.32
37204,-15.34
37300,-15.35
37396,-15.35
37491,-15.37
37586,-15.39
37682,-15.41
37777,-15.43
37873,-15.44
37968,-15.45
38064,-15.45
38159,-15.46
38254,-15.48
38350,-15.51
38446,-15.55
38541,-15.57
38636,-15.59
38732,-15.61
38828,-15.63
38923,-15.66
39018,-15.69
39113,-15.73
39209,-15.76
39305,-15.79
39400,-15.80
39495,-15.81
39590,-15.84
39687,-15.88
39782,-15.92
39877,-15.95
39972,-15.98
40068,-16.00
40164,-16.01
40259,-16.03
40354,-16.04
40450,-16.07
40545,-16.08
40641,-16.11
40736,-16.15
40832,-16.18
40927,-16.20
41022,-16.24
41118,-16.29
41213,-16.34
41309,-16.38
41404,-16.43
41499,-16.46
41595,-16.50
41691,-16.54
41786,-16.58
41881,-16.61
43504,-17.30
4.83
487872,-4.83
487967,-4.83
488062,-4.83
488159,-4.82
488254,-4.83
488349,-4.83
488444,-4.81
488540,-4.81

487777,-4.83
487872,-4.83
487967,-4.83
488062,-4.83
488159,-4.82
488254,-4.83
488349,-4.83
488444,-4.81
488540,-4.81
4317,0.02
4412,0.02
4507,-0.01
4602,-0.01
4698,-0.02
4794,-0.02
4889,-0.03
4984,-0.06
5080,-0.08
5175,-0.08
5270,-0.06
5365,-0.06
5462,-0.08
5557,-0.08
5652,-0.04
5747,-0.01
5842,-0.01
5938,0.01
6033,-0.01
6129,-0.03
6224,-0.01
6320,-0.02
6415,-0.03
6510,-0.04
6605,-0.03
6701,-0.03
6797,-0.03
6892,-0.04
6987,-0.08
7083,-0.09
7178,-0.06
7273,-0.04
7368,-0.08
7464,-0.10
7560,-0.10
7655,-0.13
7750,-0.15
7845,-0.15
7941,-0.15
8036,-0.13
8131,-0.10
8227,-0.09
8323,-0.08
8418,-0.08
8513,-0.07
8608,-0.06
8704,-0.03
8799,-0.01
8895,-0.03
8990,-0.03
9085,-0.02
9181,-0.01
9276,0.00
9371,0.02
9466,0.04
9563,0.07
9658,0.06
9753,0.06
9848,0.04
9944,0.04
10039,0.03
10134,0.03
10230,0.03
10326,0.04
10421,0.05
10516,0.03
10611,0.05
10706,0.06
10802,0.06
10898,0.04
10993,0.02
11088,0.02
11184,0.00
11279,-0.02
11374,-0.02
11469,-0.02
11566,-0.03
11661,-0.03
11756,-0.05
11851,-0.04
11947,-0.05
12042,-0.06
12137,-0.06
12233,-0.06
12328,-0.07
12424,-0.08
12519,-0.09
12614,-0.08
12709,-0.06
12805,-0.04
12901,-0.03
12996,-0.03
13091,-0.02
13187,-0.03
13282,-0.02
13377,0.00
13472,0.01
13569,0.03
13664,0.06
13759,0.07
13854,0.05
13949,0.04
14045,0.04
14140,0.04
14236,0.04
14331,0.03
14427,0.03
14522,0.04
14617,0.06
14712,0.04
14808,0.01
14903,0.01
14999,0.00
15094,-0.01
15190,0.00
15285,0.01
15380,0.17
15475,1.26
15570,10.22
15667,46.57
15762,87.08
15857,119.21
15952,149.12
16048,177.54
16143,205.36
16238,233.29
16334,260.66
16430,287.38
16525,313.52
16620,339.44
16715,365.06
16811,390.41
16906,415.66
17002,439.80
17097,455.38
17192,455.38
17288,443.40
17383,426.73
17478,409.21
17573,381.58
17670,353.31
17765,325.32
17860,297.36
17955,269.72
18051,242.64
18146,216.07
18241,189.68
18337,163.59
18433,137.69
18528,111.85
18623,86.14
18718,61.22
18813,36.51
18909,12.35
19005,-2.56
19100,-5.13
19195,-5.57
19291,-5.82
19386,-5.96
19481,-6.01
19576,-6.05
19673,-6.01
19768,-5.97
19863,-5.94
19958,-5.91
20054,-5.89
20149,-5.88
20244,-5.87
20340,-5.89
20435,-5.94
20531,-6.04
20626,-6.15
20721,-6.31
20816,-6.44
20912,-6.57
21008,-6.73
21103,-6.89
21198,-7.01
21294,-7.04
21389,-7.04
21484,-6.28
21579,-6.31
21676,-7.20
21771,-8.26
21866,-9.32
21961,-10.41
22056,-11.48
22152,-12.58
22247,-13.68
22343,-14.79
22438,-15.88
22534,-17.00
22629,-18.12
22724,-19.20
22819,-20.28
22915,-21.38
23010,-22.54
23106,-24.45
23201,-24.67
23297,-24.71
23392,-24.72
23487,-24.74
23582,-24.74
23677,-24.72
23774,-24.69
23869,-24.68
23964,-24.66
24059,-24.66
24155,-24.63
24250,-24.61
24345,-24.61
24441,-24.60
24537,-24.61
24632,-24.61
24727,-24.59
24822,-24.59
24918,-24.55
25013,-24.51
25109,-24.48
25204,-24.47
25299,-24.48
25395,-24.49
25490,-24.49
25585,-24.47
25680,-24.47
25776,-24.47
25872,-24.49
25967,-24.50
26062,-24.49
26158,-24.49
26253,-24.48
26348,-24.47
26443,-24.46
26540,-24.45
26635,-24.47
26730,-24.49
26825,-24.51
26920,-24.52
27016,-24.52
27111,-24.50
27207,-24.50
27302,-24.51
27398,-24.49
27493,-24.49
27588,-24.49
27683,-24.47
27779,-24.47
27875,-24.46
27970,-24.45
28065,-24.44
28161,-24.45
28256,-24.47
28351,-24.47
28446,-24.47
28542,-24.47
28638,-24.45
28733,-24.44
28828,-24.44
28923,-24.44
29019,-24.45
29114,-24.46
29210,-24.46
29305,-24.43
29401,-24.42
29496,-24.42
29591,-24.43
29686,-24.45
29782,-24.45
29878,-24.44
29973,-24.44
30068,-24.43
30163,-24.42
30259,-24.40
30354,-24.44
30449,-24.45
30544,-24.45
30641,-24.47
30736,-24.46
30831,-24.48
30926,-24.49
31022,-24.52
31117,-24.53
31212,-24.53
31308,-24.53
31404,-24.53
31499,-24.54
31594,-24.54
31689,-24.54
31784,-24.54
31880,-24.56
31976,-24.56
32071,-24.57
32166,-24.57
32262,-24.56
32357,-24.56
32452,-24.56
32547,-24.57
32644,-24.56
32739,-24.56
32834,-24.55
32929,-24.56
33025,-24.54
33120,-24.52
33215,-24.52
33311,-24.52
33406,-24.52
33502,-24.52
33597,-24.54
33692,-24.56
33787,-24.56
33883,-24.55
33978,-24.54
34074,-24.55
34169,-24.55
34265,-24.54
34360,-24.55
34455,-24.57
34550,-24.60
34646,-24.61
34742,-24.62
34837,-24.65
34932,-24.67
35027,-24.70
35123,-24.72
35218,-24.69
35313,-24.68
35409,-24.67
35505,-24.66
35600,-24.66
35695,-24.68
35790,-24.68
35886,-24.68
35981,-24.70
36077,-24.69
36172,-24.67
36268,-24.66
36363,-24.66
36458,-24.68
36553,-24.68
36648,-24.66
36745,-24.64
36840,-24.63
36935,-24.65
37030,-24.67
37126,-24.68
37221,-24.70
37316,-24.72
37412,-24.72
37508,-24.73
37603,-24.74
37698,-24.72
37793,-24.74
37889,-24.75
37984,-24.75
38079,-24.77
38175,-24.77
38270,-24.79
38366,-24.79
38461,-24.80
38556,-24.82
38651,-24.82
38747,-24.81
38843,-24.80
38938,-24.79
39033,-24.79
39129,-24.82
39224,-24.83
39319,-24.83
39414,-24.84
39511,-24.86
39606,-24.87
39701,-24.88
39796,-24.89
39891,-24.87
39987,-24.87
40082,-24.89
40178,-24.89
40273,-24.89
40369,-24.91
40464,-24.92
40559,-24.93
40654,-24.95
40750,-24.94
40845,-24.94
40941,-24.95
41036,-24.96
41132,-24.96
41227,-24.96
41322,-24.97
41417,-24.97
41512,-24.98
41609,-24.98
41704,-24.99
41799,-24.98
41894,-24.97
41990,-24.98
42085,-24.99
42180,-25.00
42276,-25.00
42372,-25.01
42467,-25.02
42562,-25.04
42657,-25.05
42753,-25.05
42848,-25.05
42944,-25.04
43039,-25.03
43134,-25.05
43230,-25.07
43325,-25.09
43420,-25.10
43515,-25.13
43612,-25.16
43707,-25.17
43802,-25.17
43897,-25.19
43993,-25.21
44088,-25.22
44183,-25.19
44279,-25.18
44375,-25.19
44470,-25.20
44565,-25.21
44660,-25.24
44755,-25.27
44851,-25.28
44947,-25.29
45042,-25.30
45137,-25.32
45233,-25.32
45328,-25.33
45423,-25.34
45518,-25.35
45615,-25.34
45710,-25.33
45805,-25.35
45900,-25.37
45996,-25.38
46091,-25.38
46186,-25.37
46281,-25.37
46377,-25.35
46473,-25.35
46568,-25.32
46663,-25.31
46758,-25.31
46854,-25.32
46949,-25.34
47045,-25.35
47140,-25.37
47236,-25.39
47331,-25.40
47426,-25.43
47521,-25.44
47617,-25.42
47713,-25.44
47808,-25.47
47903,-25.51
47998,-25.56
48094,-25.58
48189,-25.60
48284,-25.64
48380,-25.67
48476,-25.68
48571,-25.69
48666,-25.69
48761,-25.68
48857,-25.69
48952,-25.71
49047,-25.72
49143,-25.69
49239,-25.69
49334,-25.72
49429,-25.74
49524,-25.74
49619,-25.74
49715,-25.74
49811,-25.76
49906,-25.79
50001,-25.78
50097,-25.79
50192,-25.78
50287,-25.77
50382,-25.79
50479,-25.80
50574,-25.82
50669,-25.83
50764,-25.85
50860,-25.86
50955,-25.87
51050,-25.88
51145,-25.88
51241,-25.87
51337,-25.85
51432,-25.87
51527,-25.88
51622,-25.89
51718,-25.92
51813,-25.93
51909,-25.96
52004,-25.97
52100,-25.99
52195,-26.04
52290,-26.06
52385,-26.09
52481,-26.10
52577,-26.11
52672,-26.13
52767,-26.13
52862,-26.15
52958,-26.18
53053,-26.20
53148,-26.20
53244,-26.22
53340,-26.22
53435,-26.22
53530,-26.25
53625,-26.27
4349,0.01
4445,0.02
4540,0.03
4636,0.05
4731,0.06
4827,0.06
4922,0.05
5018,0.02
5113,0.00
5209,-0.03
5304,-0.06
5400,-0.07
5495,-0.07
5591,-0.07
5686,-0.08
5782,-0.09
5877,-0.10
5972,-0.10
6068,-0.10
6164,-0.11
6259,-0.11
6354,-0.11
6450,-0.12
6546,-0.12
6641,-0.09
6736,-0.08
6832,-0.08
6928,-0.07
7023,-0.07
7118,-0.06
7215,-0.06
7310,-0.08
7405,-0.07
7500,-0.06
7597,-0.05
7692,-0.06
7787,-0.07
7882,-0.06
7979,-0.04
8074,-0.02
8169,-0.01
8264,0.00
8360,-0.01
8456,-0.02
8551,-0.01
8646,0.01
8742,0.02
8838,0.03
8933,0.04
9028,0.06
9124,0.08
9220,0.09
9315,0.10
9410,0.14
9506,0.17
9602,0.17
9697,0.17
9792,0.15
9888,0.15
9984,0.13
10079,0.11
10174,0.15
10270,0.16
10365,0.16
10461,0.16
10556,0.15
10652,0.14
10747,0.12
10843,0.09
10938,0.08
11034,0.08
11129,0.07
11225,0.08
11320,0.10
11416,0.12
11511,0.10
11607,0.11
11702,0.12
11798,0.13
11893,0.12
11988,0.12
12084,0.12
12180,0.14
12275,0.15
12370,0.15
12466,0.17
12562,0.18
12657,0.20
12752,0.20
12848,0.20
12944,0.19
13039,0.17
13134,0.15
13230,0.16
13326,0.16
13421,0.17
13516,0.17
13612,0.18
13708,0.16
13803,0.15
13898,0.16
13993,0.17
14090,0.17
14185,0.16
14280,0.15
14375,0.14
14472,0.15
14567,0.13
14662,0.12
14757,0.13
14854,0.14
14949,0.15
15044,0.16
15139,0.17
15236,0.17
15331,0.16
15426,0.18
15521,0.18
15618,0.17
15713,0.16
15808,0.16
15903,0.17
16000,0.18
16095,0.20
16190,0.20
16285,0.21
16381,0.22
16477,0.22
16572,0.22
16667,0.21
16763,0.20
16859,0.20
16954,0.22
17049,0.24
17145,0.24
17241,0.25
17336,0.27
17431,0.29
17527,0.31
17623,0.31
17718,0.33
17813,0.32
17909,0.31
18004,0.31
18100,0.33
18195,0.32
18291,0.32
18386,0.34
18482,0.36
18577,0.36
18673,0.36
18768,0.34
18864,0.33
18959,0.31
19055,0.30
19150,0.29
19246,0.27
19341,0.26
19437,0.24
19532,0.25
19628,0.27
19723,0.27
19818,0.24
19914,0.25
20009,0.25
20105,0.24
20200,0.23
20296,0.23
20391,0.23
20487,0.23
20582,0.24
20678,0.26
20773,0.27
20869,0.26
20964,0.27
21060,0.29
21155,0.30
21251,0.30
21346,0.30
21442,0.31
21537,0.32
21633,0.32
21728,0.31
21824,0.30
21919,0.29
22014,0.29
22110,0.29
22206,0.30
22301,0.33
22396,0.37
22492,0.41
22588,0.45
22683,0.49
22778,0.50
22874,0.54
22970,0.57
23065,0.61
23160,0.65
23256,0.71
23352,0.77
23447,0.82
23542,0.86
23638,0.86
23734,0.85
23829,0.82
23924,0.77
24019,0.76
24116,0.77
24211,0.87
24306,1.00
24401,1.07
24498,1.12
24593,1.14
24688,1.18
24783,1.21
24880,1.14
24975,1.05
25070,1.02
25165,1.02
25262,1.05
25357,1.03
25452,1.00
25547,0.82
25644,0.60
25739,0.38
25834,0.20
25929,0.13
26025,0.13
26121,0.32
26216,0.27
26311,-0.08
26407,-0.52
26503,-1.15
26598,-1.67
26693,-1.85
26788,-1.89
26885,-1.89
26980,-1.98
27075,-2.13
27170,-2.13
27267,-2.20
27362,-2.46
27457,-2.87
27552,-3.54
27649,-4.46
27744,-5.60
27839,-6.50
27934,-7.41
28030,-7.95
28126,-8.38
28221,-8.79
28316,-9.26
28412,-10.01
28508,-10.92
28603,-11.73
28698,-12.37
28794,-12.97
28890,-13.36
28985,-13.37
29080,-13.37
29176,-13.04
29272,-12.49
29367,-11.72
29462,-10.78
29558,-9.74
29654,-8.75
29749,-7.80
29844,-6.84
29940,-5.91
30035,-5.06
30131,-4.26
30226,-3.56
30322,-2.94
30417,-2.36
30513,-1.90
30608,-1.69
30704,-1.60
30799,-1.56
30895,-1.55
30990,-1.76
31086,-2.17
31181,-2.64
31277,-3.02
31372,-3.31
31467,-3.60
31563,-3.89
31659,-4.11
31754,-4.32
31849,-4.51
31945,-4.67
32040,-4.81
32136,-4.90
32231,-4.98
32327,-5.04
32422,-5.10
32518,-5.17
32613,-5.23
32709,-5.29
32804,-5.36
32900,-5.39
32995,-5.42
33091,-5.46
33186,-5.48
33282,-5.50
33377,-5.52
33473,-5.54
33568,-5.55
33664,-5.54
33759,-5.53
33855,-5.53
33950,-5.54
34045,-5.54
34141,-5.54
34237,-5.54
34332,-5.55
34427,-5.54
34523,-5.54
34619,-5.53
34714,-5.54
34809,-5.53
34905,-5.54
35001,-5.54
35096,-5.53
35191,-5.52
35287,-5.51
35382,-5.48
35478,-5.46
35573,-5.44
35668,-5.42
35764,-5.39
35860,-5.37
35955,-5.36
36050,-5.36
36146,-5.36
36242,-5.35
36337,-5.35
36432,-5.34
36528,-5.33
36624,-5.31
36719,-5.31
36814,-5.31
36910,-5.30
37006,-5.31
37101,-5.34
37196,-5.34
37292,-5.33
37388,-5.31
37483,-5.30
37578,-5.31
37673,-5.29
37770,-5.28
37865,-5.29
37960,-5.28
38055,-5.27
38152,-5.27
38247,-5.27
38342,-5.27
38437,-5.27
38534,-5.26
38629,-5.24
38724,-5.22
38819,-5.19
38915,-5.20
39011,-5.18
39106,-5.18
39201,-5.20
39297,-5.18
39393,-5.18
39488,-5.17
39583,-5.15
39678,-5.16
39775,-5.16
39870,-5.13
39965,-5.11
40060,-5.11
40157,-5.09
40252,-5.07
40347,-5.07
40442,-5.08
40539,-5.08
40634,-5.07
40729,-5.08
40824,-5.09
40921,-5.08
41016,-5.08
41111,-5.11
41206,-5.11
41303,-5.09
41398,-5.06
41493,-5.04
41588,-5.04
41684,-5.03
41780,-5.02
41875,-5.03
41970,-5.05
42066,-5.06
42162,-5.06
42257,-5.05
42352,-5.04
42447,-5.03
42544,-5.02
42639,-5.04
42734,-5.04
42829,-5.02
42926,-5.01
43021,-5.02
43116,-5.01
43211,-5.01
43308,-5.02
43403,-5.01
43498,-5.00
43593,-4.99
43689,-4.99
43785,-4.98
43880,-4.98
43975,-5.01
44071,-5.02
44167,-5.01
44262,-4.99
44357,-4.97
44453,-4.96
44549,-4.97
44644,-4.98
44739,-4.97
44835,-4.98
44931,-4.98
45026,-4.99
45121,-5.01
45217,-5.02
45313,-5.02
45408,-5.01
45503,-4.99
45598,-4.95
45694,-4.94
45790,-4.94
45885,-4.94
45980,-4.96
46076,-4.96
46172,-4.94
46267,-4.92
46362,-4.91
46458,-4.91
46554,-4.91
46649,-4.90
46744,-4.89
46840,-4.87
46936,-4.84
47031,-4.83
47126,-4.81
47222,-4.80
47318,-4.80
47413,-4.77
47508,-4.76
47604,-4.75
47699,-4.73
47795,-4.74
47890,-4.76
47985,-4.77
48081,-4.78
48177,-4.78
48272,-4.78
48367,-4.81
48463,-4.82
48559,-4.83
48654,-4.84
48749,-4.84
48845,-4.85
48941,-4.86
49036,-4.86
49131,-4.88
49227,-4.88
49323,-4.88
49418,-4.89
49513,-4.89
49609,-4.88
49704,-4.86
49800,-4.85
49895,-4.84
49990,-4.83
50086,-4.82
50182,-4.81
50277,-4.81
50372,-4.80
50468,-4.78
50564,-4.76
50659,-4.77
50754,-4.79
50850,-4.79
50946,-4.79
51041,-4.79
51136,-4.78
51232,-4.77
51328,-4.76
51423,-4.77
51518,-4.78
51613,-4.78
51709,-4.78
51805,-4.77
51900,-4.78
51995,-4.81
52091,-4.81
52187,-4.82
52282,-4.83
52377,-4.83
52473,-4.83
52569,-4.85
52664,-4.85
52759,-4.87
52855,-4.87
52951,-4.85
53046,-4.85
53141,-4.83
53236,-4.81
53332,-4.78
53428,-4.79
53523,-4.81
53618,-4.78
53714,-4.75
53810,-4.76
53905,-4.74
54000,-4.74
54096,-4.74
54192,-4.74
54287,-4.74
54382,-4.73
54477,-4.71
54574,-4.71
54669,-4.71
54764,-4.69
54859,-4.69
54956,-4.67
55051,-4.67
55146,-4.67
55241,-4.65
55337,-4.64
55433,-4.65
55528,-4.65
55623,-4.65
55719,-4.65
55815,-4.62
55910,-4.60
56005,-4.58
56101,-4.57
56197,-4.56
56292,-4.57
56387,-4.55
56482,-4.55
56579,-4.55
56674,-4.56
56769,-4.55
56864,-4.55
56961,-4.55
57056,-4.56
57151,-4.55
57246,-4.53
57342,-4.53
57438,-4.53
57533,-4.53
57628,-4.52
57723,-4.51
57820,-4.53
57915,-4.53
58010,-4.53
58105,-4.54
58202,-4.57
58297,-4.59
58392,-4.61
58487,-4.63
58584,-4.62
58679,-4.59
58774,-4.58
58869,-4.58
58966,-4.59
59061,-4.60
59156,-4.58
59251,-4.58
59346,-4.57
59443,-4.54
59538,-4.53
59633,-4.50
59728,-4.48
59825,-4.48
59920,-4.48
60015,-4.46
60110,-4.42
60207,-4.41
60302,-4.40
60397,-4.39
60492,-4.37
60588,-4.35
60684,-4.32
60779,-4.30
60874,-4.30
60969,-4.30
61066,-4.33
61161,-4.35
61256,-4.33
61351,-4.35
61448,-4.35
61543,-4.32
61638,-4.30
61733,-4.30
61829,-4.30
61925,-4.26
62020,-4.26
62115,-4.29
62211,-4.31
62307,-4.31
62402,-4.32
62497,-4.30
62593,-4.30
62689,-4.30
62784,-4.28
62879,-4.27
62974,-4.28
63070,-4.29
63166,-4.29
63261,-4.30
63356,-4.33
63452,-4.33
63548,-4.34
63643,-4.37
63738,-4.39
63834,-4.39
63930,-4.39
64025,-4.39
64120,-4.39
64216,-4.39
64311,-4.40
64407,-4.40
64502,-4.41
64598,-4.44
64693,-4.45
64789,-4.44
64884,-4.41
64979,-4.40
65075,-4.38
65170,-4.36
65266,-4.37
65361,-4.35
65457,-4.32
65552,-4.31
65648,-4.32
65743,-4.33
65839,-4.35
65934,-4.38
66030,-4.39
66125,-4.39
66221,-4.39
66316,-4.37
66411,-4.34
66507,-4.35
66603,-4.36
66698,-4.35
66793,-4.35
66889,-4.35
66984,-4.35
67080,-4.37
67175,-4.39
67271,-4.38
67366,-4.37
67462,-4.35
67557,-4.34
67652,-4.32
67748,-4.31
67844,-4.32
67939,-4.32
68034,-4.30
68130,-4.30
68226,-4.29
68321,-4.28
68416,-4.30
68512,-4.32
68608,-4.31
68703,-4.28
68798,-4.26
68893,-4.25
68989,-4.23
69085,-4.22
69180,-4.20
69275,-4.18
69371,-4.19
69467,-4.18
69562,-4.16
69657,-4.18
69753,-4.19
69849,-4.18
69944,-4.18
70039,-4.19
70134,-4.19
70231,-4.20
70326,-4.21
70421,-4.21
70516,-4.21
70612,-4.20
70708,-4.21
70803,-4.22
70898,-4.24
70994,-4.24
71090,-4.23
71185,-4.21
71280,-4.21
71375,-4.20
71472,-4.19
71567,-4.20
71662,-4.18
71757,-4.16
71854,-4.17
71949,-4.18
72044,-4.20
72139,-4.21
72235,-4.21
72331,-4.21
72426,-4.23
72521,-4.23
72616,-4.21
72713,-4.23
72808,-4.25
72903,-4.28
72998,-4.30
73095,-4.31
73190,-4.32
73285,-4.32
73380,-4.32
73476,-4.32
73572,-4.30
73667,-4.28
73762,-4.26
73858,-4.25
73954,-4.25
74049,-4.25
74144,-4.24
74240,-4.22
74335,-4.21
74431,-4.18
74526,-4.18
74621,-4.18
74717,-4.16
74813,-4.14
74908,-4.12
75003,-4.11
75099,-4.12
75195,-4.13
75290,-4.14
75385,-4.14
75481,-4.13
75576,-4.12
75672,-4.13
75767,-4.15
75863,-4.16
75958,-4.18
76054,-4.18
76149,-4.18
76244,-4.16
76340,-4.16
76436,-4.16
76531,-4.16
76626,-4.17
76722,-4.18
76817,-4.19
76913,-4.18
77008,-4.18
77104,-4.18
77199,-4.18
77295,-4.20
77390,-4.20
77486,-4.19
77581,-4.19
77676,-4.18
77772,-4.18
77868,-4.18
77963,-4.18
78058,-4.16
78154,-4.16
78249,-4.18
78345,-4.18
78440,-4.18
78535,-4.18
78631,-4.19
78727,-4.19
78822,-4.20
78917,-4.19
79013,-4.18
79109,-4.19
79204,-4.18
79299,-4.18
79395,-4.18
79491,-4.20
79586,-4.22
79681,-4.23
79776,-4.23
79873,-4.23
79968,-4.23
80063,-4.22
80158,-4.22
80254,-4.21
80350,-4.21
80445,-4.22
80540,-4.22
80635,-4.24
80732,-4.26
80827,-4.27
80922,-4.27
81017,-4.25
81114,-4.24
81209,-4.23
81304,-4.22
81399,-4.23
81495,-4.25
81591,-4.26
81686,-4.25
81781,-4.26
81876,-4.26
81973,-4.25
82068,-4.24
82163,-4.24
82258,-4.24
82354,-4.24
82450,-4.22
82545,-4.19
82640,-4.20
82736,-4.21
82832,-4.23
82927,-4.25
83022,-4.25
83118,-4.25
83213,-4.23
83309,-4.23
83404,-4.24
83500,-4.25
83595,-4.27
83691,-4.30
83786,-4.31
83881,-4.30
83977,-4.27
84073,-4.28
84168,-4.29
84263,-4.29
84359,-4.29
84454,-4.30
84550,-4.30
84645,-4.28
84741,-4.28
84836,-4.28
84932,-4.29
85027,-4.30
85123,-4.29
85218,-4.28
85313,-4.25
85409,-4.23
85505,-4.23
85600,-4.25
85695,-4.26
85791,-4.25
85886,-4.25
85982,-4.24
86077,-4.23
86172,-4.23
86268,-4.22
86364,-4.22
86459,-4.21
86554,-4.21
86650,-4.20
86746,-4.20
86841,-4.19
86936,-4.18
87031,-4.20
87128,-4.21
87223,-4.23
87318,-4.22
87413,-4.23
87510,-4.23
87605,-4.24
87700,-4.25
87795,-4.26
87891,-4.24
87987,-4.25
88082,-4.24
88177,-4.25
88272,-4.24
88369,-4.23
88464,-4.23
88559,-4.25
88654,-4.28
88751,-4.28
88846,-4.28
88941,-4.28
89036,-4.27
89132,-4.26
89228,-4.25
89323,-4.23
89418,-4.21
89513,-4.20
89610,-4.21
89705,-4.20
89800,-4.21
89895,-4.19
89991,-4.18
90087,-4.18
90182,-4.16
90277,-4.15
90373,-4.14
90469,-4.14
90564,-4.12
90659,-4.12
90755,-4.12
90851,-4.12
90946,-4.12
91041,-4.12
91137,-4.13
91232,-4.14
91328,-4.14
91423,-4.16
91518,-4.17
91614,-4.18
91710,-4.18
91805,-4.21
91900,-4.21
91996,-4.21
92091,-4.21
92187,-4.21
92282,-4.21
92378,-4.19
92473,-4.17
92569,-4.17
92664,-4.16
92760,-4.15
92855,-4.16
92951,-4.17
93046,-4.16
93142,-4.15
93237,-4.16
93332,-4.14
93428,-4.14
93523,-4.14
93619,-4.14
93714,-4.12
93810,-4.11
93905,-4.11
94001,-4.12
94096,-4.15
94192,-4.17
94287,-4.16
94383,-4.18
94478,-4.20
94573,-4.18
94669,-4.16
94765,-4.16
94860,-4.17
94955,-4.17
95051,-4.18
95147,-4.19
95242,-4.19
95337,-4.18
95432,-4.19
95528,-4.18
95624,-4.20
95719,-4.20
95814,-4.18
95910,-4.17
96006,-4.18
96101,-4.18
96196,-4.18
96291,-4.20
96388,-4.21
96483,-4.19
96578,-4.18
96673,-4.18
96770,-4.18
96865,-4.16
96960,-4.16
97055,-4.16
97150,-4.16
97247,-4.18
97342,-4.18
97437,-4.16
97532,-4.15
97629,-4.14
97724,-4.12
97819,-4.09
97914,-4.09
98010,-4.07
98106,-4.07
98201,-4.09
98296,-4.09
98392,-4.07
98488,-4.06
98583,-4.07
98678,-4.08
98774,-4.06
98869,-4.05
98965,-4.03
99060,-4.02
99155,-4.02
99251,-4.02
99347,-4.02
99442,-4.02
99537,-4.03
99633,-4.02
99728,-4.02
99824,-4.00
99919,-4.00
100015,-4.02
100110,-4.02
100206,-4.00
100301,-4.00
100397,-3.99
100492,-4.00
100587,-4.00
100683,-3.98
100779,-3.95
100874,-3.93
100969,-3.94
101065,-3.93
101160,-3.93
101256,-3.93
101351,-3.93
101446,-3.93
101542,-3.91
101638,-3.90
101733,-3.88
101828,-3.87
101924,-3.87
102020,-3.88
102115,-3.88
102210,-3.88
102305,-3.86
102402,-3.85
102497,-3.84
102592,-3.83
102687,-3.82
102782,-3.82
102879,-3.81
102974,-3.79
103069,-3.78
103164,-3.77
103261,-3.77
103356,-3.77
103451,-3.75
103546,-3.76
103642,-3.77
103738,-3.75
103833,-3.73
103928,-3.72
104024,-3.71
104120,-3.72
104215,-3.73
104310,-3.72
104406,-3.71
104501,-3.71
104597,-3.72
104692,-3.72
104787,-3.72
104883,-3.73
104979,-3.72
105074,-3.72
105169,-3.75
105265,-3.74
105360,-3.73
105456,-3.73
105551,-3.73
105647,-3.73
105742,-3.75
105837,-3.76
105933,-3.75
106029,-3.75
106124,-3.75
106219,-3.72
106315,-3.71
106411,-3.70
106506,-3.69
106601,-3.68
106696,-3.69
106792,-3.68
106888,-3.67
106983,-3.66
107078,-3.65
107174,-3.64
107270,-3.63
107365,-3.63
107460,-3.63
107555,-3.63
107652,-3.62
107747,-3.63
107842,-3.65
107937,-3.65
108034,-3.65
108129,-3.66
108224,-3.67
108319,-3.68
108414,-3.67
108511,-3.65
108606,-3.65
108701,-3.65
108796,-3.65
108893,-3.64
108988,-3.62
109083,-3.60
109178,-3.58
109274,-3.57
109370,-3.57
109465,-3.56
109560,-3.54
109656,-3.52
109752,-3.49
109847,-3.47
109942,-3.46
110038,-3.46
110133,-3.47
110229,-3.49
110324,-3.49
110419,-3.49
110515,-3.48
110610,-3.48
110706,-3.49
110801,-3.51
110897,-3.49
110992,-3.47
111088,-3.46
111183,-3.45
111279,-3.45
111374,-3.45
111469,-3.45
111565,-3.45
111661,-3.44
111756,-3.44
111851,-3.41
111947,-3.40
112043,-3.38
112138,-3.38
112233,-3.40
112328,-3.40
112424,-3.40
112520,-3.40
112615,-3.39
112710,-3.39
112805,-3.40
112902,-3.39
112997,-3.38
113092,-3.39
113187,-3.40
113284,-3.40
113379,-3.37
113474,-3.35
113569,-3.34
113665,-3.34
113761,-3.33
113856,-3.30
113951,-3.28
114046,-3.25
114143,-3.24
114238,-3.24
114333,-3.27
114428,-3.29
114524,-3.28
114620,-3.29
114715,-3.30
114810,-3.29
114906,-3.27
115002,-3.26
115097,-3.26
115192,-3.28
115288,-3.30
115383,-3.30
115479,-3.32
115574,-3.33
115670,-3.34
115765,-3.35
115861,-3.33
115956,-3.31
116051,-3.31
116147,-3.29
116242,-3.27
116338,-3.26
116433,-3.24
116529,-3.24
116624,-3.25
116719,-3.24
116815,-3.24
116911,-3.22
117006,-3.22
117101,-3.22
117197,-3.22
117293,-3.22
117388,-3.22
117483,-3.21
117578,-3.21
117675,-3.19
117770,-3.18
117865,-3.19
117960,-3.22
118056,-3.23
118152,-3.22
118247,-3.21
118342,-3.22
118437,-3.24
118534,-3.26
118629,-3.27
118724,-3.25
118819,-3.23
118915,-3.21
119011,-3.19
119106,-3.17
119201,-3.18
119297,-3.19
119393,-3.22
119488,-3.20
119583,-3.19
119678,-3.19
119774,-3.17
119870,-3.18
119965,-3.19
120060,-3.17
120156,-3.16
120252,-3.13
120347,-3.11
120442,-3.12
120538,-3.14
120633,-3.15
120729,-3.17
120824,-3.19
120920,-3.17
121015,-3.15
121111,-3.13
121206,-3.15
121302,-3.14
121397,-3.11
121492,-3.12
121588,-3.13
121683,-3.13
121779,-3.12
121874,-3.10
121969,-3.10
122065,-3.10
122161,-3.10
122256,-3.08
122351,-3.08
122447,-3.07
122543,-3.03
122638,-3.04
122733,-3.04
122828,-3.03
122925,-3.03
123020,-3.01
123115,-3.01
123210,-2.99
123307,-2.96
123402,-2.94
123497,-2.95
123592,-2.94
123687,-2.94
123784,-2.92
123879,-2.92
123974,-2.91
124069,-2.91
124165,-2.91
124261,-2.91
124356,-2.90
124451,-2.89
124547,-2.91
124643,-2.92
124738,-2.93
124833,-2.96
124929,-3.00
125024,-3.03
125120,-3.05
125215,-3.06
125310,-3.08
125406,-3.12
125501,-3.15
125597,-3.18
125692,-3.17
125788,-3.17
125883,-3.15
125979,-3.15
126074,-3.17
126170,-3.19
126265,-3.18
126360,-3.17
126456,-3.16
126552,-3.15
126647,-3.14
126742,-3.12
126837,-3.10
126934,-3.08
127029,-3.08
127124,-3.06
127219,-3.05
127315,-3.03
127411,-3.03
127506,-3.05
127601,-3.07
127696,-3.08
127793,-3.09
127888,-3.09
127983,-3.10
128078,-3.10
128174,-3.10
128270,-3.10
128365,-3.10
128460,-3.09
128556,-3.08
128652,-3.06
128747,-3.05
128842,-3.04
128937,-3.04
129033,-3.04
129129,-3.04
129224,-3.01
129319,-2.97
129415,-2.95
129510,-2.93
129606,-2.91
129701,-2.88
129797,-2.87
129892,-2.84
129988,-2.80
130083,-2.80
130179,-2.79
130274,-2.77
130369,-2.77
130465,-2.76
130561,-2.75
130656,-2.74
130751,-2.73
130846,-2.73
130942,-2.73
131038,-2.73
131133,-2.74
131228,-2.74
131324,-2.72
131420,-2.71
131515,-2.73
131610,-2.75
131705,-2.76
131802,-2.75
131897,-2.77
131992,-2.79
132087,-2.80
132183,-2.82
132279,-2.83
132374,-2.84
132469,-2.85
132564,-2.86
132661,-2.87
132756,-2.87
132851,-2.87
132946,-2.85
133042,-2.87
133138,-2.89
133233,-2.90
133328,-2.90
133424,-2.90
133520,-2.92
133615,-2.91
133710,-2.92
133806,-2.92
133901,-2.92
133997,-2.92
134092,-2.90
134188,-2.90
134283,-2.90
134378,-2.90
134474,-2.90
134569,-2.90
134665,-2.91
134760,-2.89
134856,-2.87
134951,-2.85
135047,-2.83
135142,-2.81
135237,-2.79
135333,-2.78
135429,-2.75
135524,-2.73
135619,-2.71
135715,-2.69
135811,-2.66
135906,-2.64
136001,-2.62
136096,-2.62
136193,-2.63
136288,-2.60
136383,-2.59
136478,-2.57
136574,-2.57
136670,-2.59
136765,-2.60
136860,-2.62
136955,-2.62
137052,-2.60
137147,-2.57
137242,-2.54
137337,-2.52
137433,-2.53
137529,-2.54
137624,-2.54
137719,-2.54
137815,-2.52
137911,-2.53
138006,-2.54
138101,-2.55
138196,-2.57
138292,-2.57
138388,-2.54
138483,-2.52
138578,-2.52
138674,-2.52
138769,-2.53
138865,-2.54
138960,-2.54
139056,-2.56
139151,-2.57
139247,-2.55
139342,-2.55
139438,-2.55
139533,-2.53
139628,-2.50
139724,-2.50
139820,-2.50
139915,-2.48
140010,-2.48
140105,-2.50
140201,-2.51
140297,-2.49
140392,-2.49
140487,-2.50
140583,-2.52
140679,-2.52
140774,-2.52
140869,-2.52
140964,-2.53
141061,-2.54
141156,-2.52
141251,-2.52
141346,-2.52
141443,-2.55
141538,-2.55
141633,-2.55
141728,-2.54
141824,-2.52
141920,-2.50
142015,-2.51
142110,-2.50
142205,-2.51
142301,-2.52
142397,-2.53
142492,-2.55
142587,-2.55
142683,-2.56
142779,-2.55
142874,-2.55
142969,-2.57
143065,-2.55
143160,-2.53
143256,-2.52
143351,-2.51
143447,-2.52
143542,-2.52
143638,-2.53
143733,-2.55
143828,-2.55
143924,-2.52
144019,-2.49
144115,-2.47
144210,-2.44
144306,-2.42
144401,-2.41
144496,-2.39
144592,-2.39
144688,-2.37
144783,-2.36
144878,-2.34
144974,-2.34
145070,-2.33
145165,-2.32
145260,-2.29
145355,-2.27
145452,-2.25
145547,-2.22
145642,-2.22
145737,-2.22
145832,-2.21
145929,-2.18
146024,-2.16
146119,-2.15
146214,-2.13
146311,-2.11
146406,-2.10
146501,-2.11
146596,-2.11
146692,-2.10
146788,-2.10
146883,-2.11
146978,-2.11
147074,-2.11
147169,-2.11
147265,-2.14
147360,-2.16
147456,-2.16
147551,-2.18
147647,-2.20
147742,-2.22
147837,-2.25
147933,-2.27
148028,-2.27
148124,-2.27
148219,-2.28
148315,-2.28
148410,-2.28
148505,-2.28
148601,-2.27
148697,-2.27
148792,-2.27
148887,-2.26
148983,-2.25
149079,-2.23
149174,-2.22
149269,-2.22
149364,-2.22
149460,-2.21
149556,-2.21
149651,-2.21
149746,-2.22
149842,-2.22
149938,-2.21
150033,-2.21
150128,-2.21
150223,-2.22
150320,-2.25
150415,-2.25
150510,-2.27
150605,-2.27
150702,-2.27
150797,-2.27
150892,-2.28
150987,-2.27
151083,-2.27
151179,-2.29
151274,-2.27
151369,-2.25
151464,-2.24
151560,-2.25
151656,-2.25
151751,-2.25
151846,-2.27
151942,-2.27
152037,-2.25
152133,-2.25
152228,-2.24
152324,-2.21
152419,-2.20
152515,-2.19
152610,-2.17
152706,-2.16
152801,-2.15
152896,-2.13
152992,-2.14
153088,-2.15
153183,-2.14
153278,-2.11
153373,-2.08
153469,-2.07
153565,-2.08
153660,-2.07
153755,-2.06
153851,-2.06
153947,-2.06
154042,-2.06
154137,-2.08
154232,-2.09
154329,-2.11
154424,-2.12
154519,-2.13
154614,-2.15
154710,-2.16
154806,-2.18
154901,-2.20
154996,-2.23
155091,-2.25
155188,-2.25
155283,-2.23
155378,-2.25
155473,-2.27
155569,-2.28
155665,-2.29
155760,-2.30
155855,-2.32
155951,-2.32
156046,-2.32
156142,-2.32
156237,-2.32
156333,-2.29
156428,-2.28
156523,-2.27
156619,-2.25
156715,-2.23
156810,-2.24
156905,-2.24
157001,-2.22
157096,-2.19
157192,-2.18
157287,-2.18
157382,-2.17
157478,-2.16
157574,-2.13
157669,-2.12
157764,-2.11
157859,-2.12
157956,-2.13
158051,-2.16
158146,-2.14
158241,-2.14
158338,-2.16
158433,-2.16
158528,-2.16
158623,-2.19
158718,-2.20
158815,-2.22
158910,-2.24
159005,-2.23
159100,-2.22
159196,-2.22
159292,-2.23
159387,-2.24
159482,-2.25
159578,-2.25
159673,-2.26
159769,-2.27
159864,-2.29
159960,-2.31
160055,-2.32
160151,-2.31
160246,-2.29
160342,-2.27
160437,-2.27
160532,-2.27
160628,-2.27
160723,-2.27
160819,-2.29
160914,-2.31
161009,-2.32
161105,-2.32
161201,-2.31
161296,-2.29
161391,-2.27
161487,-2.25
161583,-2.24
161678,-2.24
161773,-2.24
161868,-2.25
161965,-2.26
162060,-2.27
162155,-2.28
162250,-2.26
162345,-2.25
162442,-2.25
162537,-2.23
162632,-2.22
162727,-2.20
162823,-2.18
162919,-2.18
163014,-2.20
163109,-2.20
163205,-2.21
163301,-2.20
163396,-2.20
163491,-2.19
163587,-2.19
163682,-2.18
163778,-2.16
163873,-2.16
163969,-2.17
164064,-2.16
164159,-2.16
164255,-2.16
164350,-2.14
164446,-2.13
164541,-2.13
164637,-2.13
164732,-2.12
164828,-2.11
164923,-2.09
165018,-2.09
165114,-2.09
165210,-2.08
165305,-2.06
165400,-2.04
165496,-2.02
165592,-2.00
165687,-1.98
165782,-1.97
165877,-1.97
165974,-1.97
166069,-2.00
166164,-2.02
166259,-2.02
166354,-2.03
166451,-2.04
166546,-2.03
166641,-2.03
166736,-2.01
166833,-1.98
166928,-1.95
167023,-1.95
167118,-1.95
167214,-1.97
167310,-1.98
167405,-1.99
167500,-2.00
167596,-2.01
167691,-1.99
167787,-1.96
167882,-1.95
167977,-1.96
168073,-1.97
168169,-1.96
168264,-1.98
168359,-2.00
168455,-2.03
168550,-2.05
168646,-2.06
168741,-2.07
168837,-2.09
168932,-2.09
169027,-2.11
169123,-2.13
169219,-2.12
169314,-2.09
169409,-2.09
169505,-2.11
169601,-2.10
169696,-2.08
169791,-2.06
169886,-2.07
169982,-2.05
170078,-2.01
170173,-1.97
170268,-1.97
170363,-1.98
170460,-1.98
170555,-1.97
170650,-1.95
170745,-1.90
170842,-1.90
170937,-1.90
171032,-1.92
171127,-1.92
171223,-1.92
171319,-1.92
171414,-1.92
171509,-1.91
171604,-1.89
171700,-1.89
171796,-1.90
171891,-1.92
171986,-1.90
172082,-1.87
172178,-1.86
172273,-1.88
172368,-1.89
172464,-1.91
172559,-1.92
172655,-1.90
172750,-1.89
172846,-1.89
172941,-1.90
173037,-1.90
173132,-1.88
173228,-1.87
173323,-1.88
173418,-1.90
173514,-1.92
173609,-1.93
173705,-1.94
173800,-1.94
173895,-1.95
173991,-1.95
174087,-1.95
174182,-1.95
174277,-1.93
174373,-1.93
174469,-1.95
174564,-1.96
174659,-1.96
174754,-1.97
174851,-1.98
174946,-1.98
175041,-1.97
175136,-1.95
175232,-1.95
175328,-1.95
175423,-1.97
175518,-1.97
175613,-1.96
175710,-1.94
175805,-1.92
175900,-1.90
175995,-1.88
176091,-1.88
176187,-1.88
176282,-1.87
176377,-1.85
176473,-1.81
176568,-1.76
176664,-1.76
176759,-1.76
176855,-1.75
176950,-1.74
177046,-1.73
177141,-1.72
177236,-1.74
177332,-1.74
177427,-1.74
177523,-1.73
177618,-1.72
177714,-1.73
177809,-1.74
177904,-1.74
178000,-1.73
178096,-1.74
178191,-1.75
178286,-1.75
178382,-1.74
178478,-1.72
178573,-1.71
178668,-1.68
178763,-1.68
178860,-1.66
178955,-1.65
179050,-1.65
179145,-1.63
179240,-1.63
179337,-1.64
179432,-1.63
179527,-1.59
179622,-1.57
179719,-1.55
179814,-1.56
179909,-1.57
180004,-1.58
180100,-1.58
180196,-1.60
180291,-1.61
180386,-1.61
180482,-1.60
180577,-1.60
180673,-1.59
180768,-1.57
180864,-1.57
180959,-1.59
181054,-1.57
181150,-1.55
181245,-1.57
181341,-1.57
181436,-1.56
181532,-1.56
181627,-1.56
181723,-1.58
181818,-1.57
181913,-1.55
182009,-1.53
182105,-1.55
182200,-1.57
182295,-1.59
182390,-1.60
182487,-1.61
182582,-1.60
182677,-1.60
182772,-1.63
182867,-1.65
182964,-1.65
183059,-1.65
183154,-1.68
183249,-1.69
183346,-1.67
183441,-1.65
183536,-1.65
183631,-1.69
183727,-1.72
183823,-1.72
183918,-1.72
184013,-1.72
184109,-1.72
184204,-1.71
184300,-1.72
184395,-1.72
184491,-1.69
184586,-1.69
184681,-1.67
184777,-1.66
184872,-1.67
184968,-1.66
185063,-1.68
185158,-1.67
185254,-1.65
185350,-1.63
185445,-1.61
185540,-1.59
185636,-1.56
185732,-1.53
185827,-1.53
185922,-1.51
186017,-1.49
186114,-1.48
186209,-1.46
186304,-1.49
186399,-1.49
186494,-1.51
186591,-1.50
186686,-1.47
186781,-1.45
186876,-1.45
186973,-1.46
187068,-1.45
187163,-1.44
187258,-1.45
187354,-1.46
187450,-1.46
187545,-1.48
187640,-1.49
187736,-1.49
187831,-1.50
187927,-1.51
188022,-1.51
188118,-1.53
188213,-1.53
188308,-1.52
188404,-1.55
188499,-1.57
188595,-1.59
188690,-1.59
188786,-1.59
188881,-1.59
188977,-1.58
189072,-1.57
189167,-1.58
189263,-1.58
189359,-1.60
189454,-1.63
189549,-1.65
189644,-1.65
189741,-1.65
189836,-1.65
189931,-1.65
190026,-1.65
190121,-1.65
190218,-1.65
190313,-1.63
190408,-1.61
190503,-1.62
190600,-1.63
190695,-1.62
190790,-1.60
190885,-1.60
190981,-1.59
191077,-1.56
191172,-1.53
191267,-1.53
191363,-1.52
191458,-1.50
191554,-1.49
191649,-1.49
191745,-1.46
191840,-1.45
191935,-1.44
192031,-1.45
192126,-1.46
192222,-1.45
192317,-1.43
192412,-1.43
192508,-1.44
192604,-1.43
192699,-1.40
192794,-1.41
192890,-1.41
192986,-1.41
193081,-1.40
193176,-1.39
193271,-1.38
193368,-1.37
193463,-1.38
193558,-1.37
193653,-1.37
193748,-1.35
193845,-1.35
193940,-1.35
194035,-1.36
194130,-1.37
194226,-1.38
194322,-1.39
194417,-1.42
194512,-1.44
194608,-1.46
194704,-1.46
194799,-1.47
194894,-1.49
194990,-1.50
195085,-1.50
195181,-1.51
195276,-1.51
195372,-1.51
195467,-1.50
195562,-1.49
195658,-1.48
195753,-1.46
195849,-1.45
195944,-1.45
196039,-1.45
196135,-1.44
196231,-1.41
196326,-1.37
196421,-1.34
196517,-1.31
196613,-1.28
196708,-1.27
196803,-1.26
196898,-1.26
196995,-1.24
197090,-1.27
197185,-1.29
197280,-1.30
197376,-1.30
197472,-1.28
197567,-1.28
197662,-1.26
197757,-1.23
197853,-1.20
197949,-1.19
198044,-1.19
198139,-1.19
198235,-1.21
198331,-1.23
198426,-1.23
198521,-1.22
198617,-1.21
198712,-1.20
198808,-1.18
198903,-1.16
198999,-1.14
199094,-1.14
199189,-1.17
199285,-1.20
199380,-1.20
199476,-1.19
199571,-1.21
199666,-1.25
199762,-1.28
199858,-1.30
199953,-1.31
200048,-1.31
200143,-1.32
200240,-1.32
200335,-1.31
200430,-1.32
200525,-1.35
200622,-1.34
200717,-1.35
200812,-1.37
200907,-1.35
201003,-1.33
201099,-1.35
201194,-1.36
201289,-1.32
201384,-1.28
201480,-1.24
201576,-1.21
201671,-1.19
201766,-1.19
201862,-1.16
201957,-1.17
202053,-1.19
202148,-1.18
202244,-1.17
202339,-1.16
202435,-1.15
202530,-1.12
202626,-1.10
202721,-1.10
202816,-1.10
202912,-1.10
203008,-1.12
203103,-1.12
203198,-1.12
203293,-1.12
203389,-1.10
203485,-1.09
203580,-1.07
203675,-1.08
203770,-1.08
203867,-1.07
203962,-1.07
204057,-1.08
204152,-1.07
204249,-1.07
204344,-1.09
204439,-1.10
204534,-1.10
204630,-1.09
204726,-1.07
204821,-1.07
204916,-1.07
205011,-1.07
205107,-1.07
205203,-1.07
205298,-1.07
205393,-1.05
205489,-1.05
205584,-1.04
205680,-1.01
205775,-1.00
205871,-1.00
205966,-1.00
206061,-0.98
206157,-0.96
206253,-0.95
206348,-0.94
206443,-0.94
206539,-0.95
206635,-0.95
206730,-0.94
206825,-0.93
206920,-0.91
207016,-0.90
207112,-0.88
207207,-0.86
207302,-0.83
207397,-0.82
207494,-0.81
207589,-0.79
207684,-0.77
207779,-0.75
207875,-0.75
207971,-0.76
208066,-0.77
208161,-0.75
208257,-0.74
208352,-0.74
208448,-0.75
208543,-0.77
208638,-0.79
208734,-0.79
208829,-0.80
208925,-0.82
209020,-0.83
209116,-0.85
209211,-0.87
209307,-0.91
209402,-0.93
209498,-0.97
209593,-0.98
209688,-0.96
209784,-0.95
209880,-0.96
209975,-0.96
210070,-0.93
210165,-0.91
210262,-0.90
210357,-0.91
210452,-0.93
210547,-0.96
210642,-0.96
210739,-0.97
210834,-0.95
210929,-0.91
211024,-0.88
211120,-0.86
211216,-0.83
211311,-0.80
211406,-0.80
211502,-0.82
211598,-0.82
211693,-0.82
211788,-0.83
211884,-0.85
211979,-0.85
212075,-0.84
212170,-0.81
212265,-0.77
212361,-0.73
212456,-0.70
212552,-0.70
212647,-0.73
212743,-0.75
212838,-0.74
212933,-0.76
213029,-0.78
213125,-0.78
213220,-0.77
213315,-0.77
213411,-0.76
213507,-0.75
213602,-0.75
213697,-0.76
213792,-0.75
213889,-0.77
213984,-0.80
214079,-0.82
214174,-0.83
214269,-0.86
214366,-0.86
214461,-0.87
214556,-0.87
214651,-0.86
214747,-0.87
214843,-0.89
214938,-0.91
215033,-0.91
215129,-0.90
215225,-0.90
215320,-0.87
215415,-0.85
215511,-0.84
215606,-0.82
215702,-0.80
215797,-0.80
215892,-0.80
215988,-0.77
216083,-0.74
216179,-0.73
216274,-0.74
216370,-0.75
216465,-0.75
216560,-0.73
216656,-0.70
216752,-0.70
216847,-0.71
216942,-0.74
217037,-0.78
217134,-0.79
217229,-0.80
217324,-0.80
217419,-0.80
217516,-0.77
217611,-0.75
217706,-0.77
217801,-0.79
217896,-0.79
217993,-0.75
218088,-0.71
218183,-0.70
218278,-0.70
218374,-0.71
218470,-0.70
218565,-0.68
218660,-0.65
218756,-0.62
218851,-0.62
218947,-0.62
219042,-0.61
219138,-0.62
219233,-0.63
219328,-0.66
219424,-0.65
219520,-0.63
219615,-0.65
219710,-0.66
219806,-0.68
219901,-0.68
219997,-0.67
220092,-0.67
220187,-0.70
220283,-0.70
220379,-0.70
220474,-0.71
220569,-0.71
220664,-0.71
220761,-0.73
220856,-0.75
220951,-0.75
221046,-0.76
221142,-0.75
221238,-0.75
221333,-0.73
221428,-0.73
221523,-0.73
221619,-0.74
221715,-0.75
221810,-0.74
221905,-0.73
222001,-0.73
222097,-0.72
222192,-0.73
222287,-0.74
222383,-0.74
222478,-0.74
222574,-0.73
222669,-0.73
222765,-0.73
222860,-0.74
222955,-0.75
223051,-0.75
223147,-0.74
223242,-0.75
223337,-0.75
223432,-0.77
223528,-0.79
223624,-0.82
223719,-0.84
223814,-0.86
223910,-0.89
224006,-0.89
224101,-0.88
224196,-0.87
224291,-0.88
224388,-0.88
224483,-0.89
224578,-0.89
224673,-0.91
224769,-0.92
224865,-0.93
224960,-0.93
225055,-0.90
225150,-0.89
225246,-0.86
225342,-0.85
225437,-0.84
225532,-0.84
225628,-0.84
225723,-0.82
225819,-0.82
225914,-0.81
226010,-0.80
226105,-0.80
226201,-0.80
226296,-0.80
226392,-0.79
226487,-0.77
226582,-0.76
226678,-0.74
226774,-0.75
226869,-0.76
226964,-0.76
227059,-0.76
227155,-0.76
227251,-0.75
227346,-0.73
227441,-0.74
227536,-0.74
227633,-0.76
227728,-0.79
227823,-0.80
227918,-0.80
228014,-0.80
228110,-0.78
228205,-0.77
228300,-0.77
228396,-0.77
228492,-0.77
228587,-0.77
228682,-0.76
228777,-0.75
228873,-0.74
228969,-0.73
229064,-0.73
229159,-0.73
229255,-0.73
229350,-0.70
229446,-0.70
229541,-0.70
229637,-0.69
229732,-0.68
229827,-0.69
229923,-0.71
230019,-0.73
230114,-0.72
230209,-0.72
230304,-0.73
230401,-0.71
230496,-0.70
230591,-0.70
230686,-0.73
230782,-0.75
230878,-0.75
230973,-0.76
231068,-0.77
231163,-0.75
231260,-0.73
231355,-0.73
231450,-0.74
231545,-0.75
231641,-0.75
231737,-0.74
231832,-0.75
231927,-0.75
232023,-0.74
232118,-0.75
232214,-0.75
232309,-0.76
232404,-0.76
232500,-0.73
232595,-0.73
232691,-0.70
232786,-0.68
232882,-0.69
232977,-0.71
233072,-0.70
233168,-0.68
233264,-0.67
233359,-0.67
233454,-0.66
233550,-0.65
233646,-0.64
233741,-0.63
233836,-0.61
233931,-0.61
234028,-0.58
234123,-0.56
234218,-0.55
234313,-0.54
234408,-0.57
234505,-0.59
234600,-0.59
234695,-0.56
234790,-0.55
234886,-0.55
234982,-0.54
235077,-0.52
235172,-0.54
235268,-0.55
235363,-0.56
235459,-0.56
235554,-0.56
235650,-0.59
235745,-0.59
235841,-0.59
235936,-0.61
236032,-0.59
236127,-0.56
236222,-0.55
236318,-0.56
236413,-0.57
236509,-0.57
236604,-0.58
236699,-0.58
236795,-0.58
236891,-0.56
236986,-0.56
237081,-0.55
237176,-0.55
237273,-0.54
237368,-0.52
237463,-0.53
237558,-0.54
237654,-0.54
237750,-0.56
237845,-0.59
237940,-0.58
238035,-0.57
238132,-0.57
238227,-0.59
238322,-0.61
238417,-0.63
238513,-0.66
238609,-0.69
238704,-0.70
238799,-0.70
238895,-0.73
238990,-0.74
239086,-0.74
239181,-0.74
239277,-0.72
239372,-0.70
239467,-0.68
239563,-0.68
239659,-0.68
239754,-0.68
239849,-0.68
239944,-0.64
240040,-0.61
240136,-0.59
240231,-0.56
240326,-0.55
240422,-0.55
240518,-0.55
240613,-0.54
240708,-0.52
240803,-0.52
240900,-0.54
240995,-0.59
241090,-0.69
241185,-0.77
241281,-0.77
241377,-0.76
241472,-0.65
241567,-0.23
241662,1.07
241758,3.75
241854,6.47
241949,11.23
242044,36.24
242140,205.60
242235,531.47
242331,931.64
242426,1397.19
242522,1902.24
242617,2390.35
242712,2820.04
242808,3189.68
242904,3511.31
242999,3791.95
243094,4037.68
243190,4236.50
243286,4364.35
243381,4429.06
243476,4454.77
243571,4454.77
243667,4438.10
243763,4268.96
243858,3940.98
243953,3538.22
244048,3070.17
244145,2562.73
244240,2072.34
244335,1640.48
244430,1268.70
244526,944.85
244622,661.88
244717,413.56
244812,211.25
244908,78.55
245004,8.96
245099,-23.61
245194,-34.02
245289,-36.24
245385,-36.24
245481,-36.10
245576,-35.46
245671,-34.90
245767,-34.43
245862,-34.01
245958,-33.64
246053,-33.31
246149,-32.99
246244,-32.67
246339,-32.33
246435,-31.96
246531,-31.58
246626,-31.21
246721,-30.86
246816,-30.56
246913,-30.30
247008,-30.10
247103,-29.96
247198,-29.85
247294,-29.80
247390,-29.80
247485,-29.80
247580,-29.84
247675,-29.87
247772,-29.94
247867,-30.05
247962,-30.28
248057,-30.63
248153,-31.09
248249,-31.59
248344,-32.00
248439,-32.32
248535,-32.55
248630,-32.67
248726,-32.70
248821,-32.70
248916,-32.61
249012,-32.44
249107,-32.15
249203,-31.80
249298,-31.41
249394,-30.96
249489,-30.47
249584,-29.89
249680,-29.22
249776,-28.46
249871,-27.64
249966,-26.92
250061,-26.33
250158,-25.85
250253,-25.44
250348,-25.09
250443,-24.80
250540,-24.56
250635,-24.38
250730,-24.24
250825,-24.13
250920,-24.05
251017,-23.96
251112,-23.90
251207,-23.81
251302,-23.73
251398,-23.64
251494,-23.51
251589,-23.36
251684,-23.16
251780,-22.91
251875,-22.65
251971,-22.36
252066,-22.12
252162,-21.87
252257,-21.61
252352,-21.29
252448,-20.86
252544,-20.31
252639,-19.66
252734,-18.89
252830,-17.99
252925,-17.03
253021,-15.94
253116,-14.79
253211,-13.61
253307,-12.36
253403,-11.02
253498,-9.60
253593,-8.09
253688,-6.47
253785,-4.78
253880,-3.07
253975,-1.35
254070,0.36
254166,2.08
254262,3.73
254357,5.36
254452,6.97
254547,8.53
254643,10.08
254739,11.63
254834,13.20
254929,14.79
255025,16.36
255120,17.94
255216,19.51
255311,21.08
255407,22.62
255502,24.14
255597,25.65
255693,27.13
255789,28.64
255884,30.10
255979,31.55
256075,32.98
256171,34.37
256266,35.77
256361,37.15
256456,38.50
256552,39.81
256648,41.07
256743,42.27
256838,43.47
256933,44.64
257030,45.78
257125,46.90
257220,48.01
257315,49.06
257411,50.12
257507,51.16
257602,52.19
257697,53.20
257793,54.18
257888,55.13
257984,56.07
258079,56.99
258174,57.92
258270,58.80
258365,59.67
258461,60.50
258556,61.33
258652,62.14
258747,62.94
258842,63.73
258938,64.51
259034,65.28
259129,66.02
259224,66.80
259320,67.56
259416,68.30
259511,69.05
259606,69.80
259701,70.56
259798,71.34
259893,72.11
259988,72.88
260083,73.64
260178,74.40
260275,75.14
260370,75.87
260465,76.56
260560,77.24
260656,77.91
260752,78.53
260847,79.10
260942,79.64
261038,80.15
261133,80.63
261229,81.09
261324,81.51
261420,81.92
261515,82.30
261611,82.68
261706,83.03
261801,83.35
261897,83.67
261992,83.96
262088,84.25
262183,84.53
262279,84.83
262374,85.13
262469,85.47
262565,85.84
262661,86.21
262756,86.60
262851,87.01
262946,87.44
263043,87.89
263138,88.37
263233,88.86
263328,89.42
263424,90.00
263520,90.58
263615,91.16
263710,91.74
263805,92.33
263902,92.91
263997,93.49
264092,94.05
264187,94.60
264283,95.17
264379,95.71
264474,96.24
264569,96.78
264665,97.29
264760,97.79
264856,98.27
264951,98.74
265047,99.23
265142,99.72
265237,100.21
265333,100.70
265428,101.20
265524,101.70
265619,102.23
265715,102.74
265810,103.25
265906,103.75
266001,104.28
266096,104.82
266192,105.39
266288,105.97
266383,106.56
266478,107.14
266573,107.72
266670,108.30
266765,108.89
266860,109.48
266955,110.07
267051,110.67
267147,111.25
267242,111.84
267337,112.45
267432,113.08
267528,113.67
267624,114.27
267719,114.84
267814,115.45
267910,116.02
268005,116.58
268101,117.19
268196,117.79
268292,118.41
268387,119.04
268483,119.68
268578,120.30
268674,120.94
268769,121.55
268864,122.15
268960,122.75
269056,123.35
269151,123.93
269246,124.50
269341,125.08
269437,125.66
269533,126.24
269628,126.77
269723,127.28
269818,127.78
269915,128.29
270010,128.79
270105,129.29
270200,129.76
270296,130.22
270392,130.68
270487,131.10
270582,131.51
270678,131.93
270773,132.35
270869,132.74
270964,133.10
271059,133.47
271155,133.81
271251,134.18
271346,134.55
271441,134.88
271537,135.21
271632,135.54
271728,135.84
271823,136.17
271919,136.50
272014,136.84
272109,137.16
272205,137.48
272301,137.79
272396,138.10
272491,138.42
272586,138.74
272683,139.10
272778,139.46
272873,139.79
272968,140.13
273063,140.49
273160,140.84
273255,141.19
273350,141.55
273445,141.91
273541,142.27
273637,142.64
273732,143.01
273827,143.38
273923,143.74
274018,144.10
274114,144.47
274209,144.82
274305,145.16
274400,145.49
274496,145.83
274591,146.17
274686,146.52
274782,146.82
274877,147.09
274973,147.36
275068,147.62
275164,147.88
275259,148.15
275354,148.41
275450,148.69
275546,148.98
275641,149.23
275736,149.48
275831,149.73
275928,149.98
276023,150.21
276118,150.41
276213,150.62
276308,150.82
276405,151.04
276500,151.27
276595,151.48
276690,151.71
276786,151.90
276882,152.07
276977,152.23
277072,152.38
277168,152.53
277263,152.67
277359,152.81
277454,152.98
277550,153.20
277645,153.40
277740,153.60
277836,153.77
277932,153.94
278027,154.10
278122,154.23
278217,154.33
278313,154.43
278409,154.50
278504,154.57
278599,154.60
278694,154.60
278791,154.59
278886,154.53
278981,154.45
279076,154.33
279172,154.13
279268,153.92
279363,153.71
279458,153.48
279554,153.23
279649,152.95
279745,152.65
279840,152.35
279936,152.05
280031,151.74
280126,151.43
280222,151.13
280317,150.83
280413,150.57
280508,150.30
280603,150.01
280699,149.74
280795,149.48
280890,149.22
280985,148.96
281080,148.69
281177,148.37
281272,147.72
281367,146.85
281462,145.94
281558,145.04
281654,144.14
281749,143.26
281844,142.39
281939,141.51
282035,140.63
282131,139.76
282226,138.87
282321,137.99
282417,137.09
282512,136.19
282608,135.30
282703,134.50
282799,134.02
282894,133.75
282989,133.50
283085,133.13
283181,132.56
283276,131.97
283371,131.36
283466,130.77
283563,130.19
283658,129.57
283753,128.95
283848,128.34
283943,127.70
284040,127.07
284135,126.30
284230,125.24
284325,124.10
284421,122.94
284517,121.77
284612,120.67
284707,119.72
284803,118.74
284898,117.73
284994,116.66
285089,115.54
285185,114.38
285280,113.16
285375,111.89
285471,110.58
285566,109.18
285662,107.84
285757,106.71
285852,105.57
285948,104.39
286044,103.13
286139,101.84
286234,100.49
286330,99.11
286426,97.67
286521,96.17
286616,94.65
286711,93.12
286808,91.56
286903,89.97
286998,88.36
287093,86.74
287188,85.08
287285,83.43
287380,81.74
287475,80.07
287570,78.41
287666,76.77
287762,75.14
287857,73.51
287952,71.88
288048,70.28
288143,68.67
288239,67.07
288334,65.46
288430,63.85
288525,62.25
288620,60.65
288716,59.10
288812,57.57
288907,56.09
289002,54.61
289097,53.12
289193,51.63
289289,50.13
289384,48.67
289479,47.20
289574,45.73
289671,44.26
289766,42.80
289861,41.35
289956,39.93
290052,38.53
290148,37.12
290243,35.71
290338,34.31
290434,32.89
290529,31.48
290625,30.09
290720,28.74
290816,27.37
290911,26.02
291006,24.69
291102,23.39
291197,22.12
291293,20.84
291388,19.56
291483,18.29
291579,17.07
291675,15.90
291770,14.72
291865,13.56
291960,12.42
292057,11.30
292152,10.18
292247,9.06
292342,7.98
292438,6.89
292534,5.80
292629,4.73
292724,3.68
292819,2.78
292915,1.88
293011,1.03
293106,0.07
293201,-0.80
293297,-1.30
293392,-2.16
293488,-2.96
293583,-4.10
293679,-5.24
293774,-6.35
293869,-7.43
293965,-8.51
294061,-9.79
294156,-10.89
294251,-11.91
294346,-12.90
294443,-13.94
294538,-15.13
294633,-16.28
294728,-17.30
294823,-18.24
294920,-19.36
295015,-20.40
295110,-21.05
295205,-21.68
295301,-22.32
295397,-22.93
295492,-23.48
295587,-24.05
295683,-24.47
295778,-24.87
295874,-25.51
295969,-26.15
296065,-26.77
296160,-27.35
296255,-27.90
296351,-28.46
296446,-28.99
296542,-29.48
296637,-30.01
296732,-30.85
296828,-31.39
296924,-31.98
297019,-32.69
297114,-33.49
297209,-34.22
297306,-34.97
297401,-35.72
297496,-36.39
297591,-36.87
297687,-37.39
297783,-37.94
297878,-38.51
297973,-39.09
298068,-39.65
298164,-40.18
298260,-40.68
298355,-40.91
298450,-41.09
298546,-41.58
298641,-41.99
298737,-42.43
298832,-42.76
298928,-43.08
299023,-43.46
299118,-43.83
299214,-44.30
299310,-44.90
299405,-45.50
299500,-46.03
299595,-46.54
299692,-47.07
299787,-47.56
299882,-48.07
299977,-48.61
300072,-49.13
300169,-49.64
300264,-50.14
300359,-50.62
300454,-51.08
300550,-51.51
300646,-51.98
300741,-52.44
300836,-52.88
300932,-53.31
301027,-53.76
301123,-54.19
301218,-54.62
301314,-55.06
301409,-55.46
301504,-55.88
301600,-56.31
301696,-56.71
301791,-57.11
301886,-57.52
301981,-57.92
302077,-58.32
302173,-58.72
302268,-59.12
302363,-59.51
302458,-59.88
302555,-60.25
302650,-60.62
302745,-60.98
302840,-61.34
302937,-61.73
303032,-62.07
303127,-62.43
303222,-62.82
303318,-63.21
303413,-63.57
303509,-63.94
303604,-64.31
303699,-64.65
303795,-64.99
303890,-65.33
303986,-65.67
304081,-66.02
304177,-66.38
304272,-66.75
304367,-67.10
304463,-67.44
304559,-67.76
304654,-68.07
304749,-68.37
304844,-68.67
304941,-68.99
305036,-69.29
305131,-69.57
305226,-69.87
305321,-70.15
305418,-70.44
305513,-70.73
305608,-71.00
305703,-71.27
305799,-71.54
305895,-71.82
305990,-72.12
306085,-72.42
306181,-72.70
306276,-72.99
306372,-73.28
306467,-73.56
306563,-73.85
306658,-74.14
306753,-74.43
306849,-74.73
306945,-75.01
307040,-75.30
307135,-75.59
307230,-75.89
307326,-76.20
307422,-76.47
307517,-76.76
307612,-77.06
307707,-77.36
307804,-77.62
307899,-77.89
307994,-78.19
308089,-78.49
308185,-78.77
308281,-79.04
308376,-79.30
308471,-79.55
308567,-79.81
308662,-80.09
308758,-80.35
308853,-80.61
308948,-80.86
309044,-81.10
309139,-81.33
309235,-81.58
309330,-81.83
309426,-82.07
309521,-82.30
309616,-82.52
309712,-82.75
309808,-82.99
309903,-83.19
309998,-83.23
310093,-83.37
310190,-83.56
310285,-83.75
310380,-83.93
310475,-84.14
310571,-84.33
310667,-84.51
310762,-84.71
310857,-84.89
310952,-85.08
311048,-85.26
311144,-85.45
311239,-85.68
311334,-85.52
311430,-85.29
311525,-85.00
311621,-84.73
311716,-84.55
311812,-83.74
311907,-81.51
312002,-79.11
312098,-76.86
312194,-75.17
312289,-74.54
312384,-74.68
312479,-74.49
312576,-74.29
312671,-72.26
312766,-69.65
312861,-67.86
312956,-67.42
313053,-67.96
313148,-68.02
313243,-67.97
313338,-68.67
313434,-69.98
313530,-74.50
313625,-77.40
313720,-79.17
313816,-81.58
313911,-84.18
314007,-86.37
314102,-86.63
314198,-88.11
314293,-91.15
314388,-96.62
314484,-99.65
314579,-100.10
314675,-100.65
314770,-100.34
314865,-100.57
314961,-103.08
315057,-106.32
315152,-109.43
315247,-109.12
315342,-108.08
315439,-107.59
315534,-103.43
315629,-98.47
315724,-94.60
315820,-91.01
315916,-85.29
316011,-76.06
316106,-70.35
316201,-74.50
316297,-81.64
316393,-89.83
316488,-96.08
316583,-95.18
316679,-91.74
316775,-88.99
316870,-86.01
316965,-81.92
317061,-84.26
317156,-92.00
317252,-94.99
317347,-99.02
317443,-101.42
317538,-104.61
317633,-113.23
317729,-114.31
317825,-114.59
317920,-107.20
318015,-98.29
318110,-91.67
318206,-87.64
318302,-88.35
318397,-89.55
318492,-86.60
318587,-84.08
318684,-84.89
318779,-83.59
318874,-81.24
318969,-82.34
319065,-82.33
319161,-82.09
319256,-81.71
319351,-81.60
319447,-82.59
319542,-82.71
319638,-82.71
319733,-82.45
319828,-82.04
319924,-81.21
320019,-79.59
320115,-78.05
320210,-76.85
320306,-75.45
320401,-73.61
320496,-71.36
320592,-68.76
320688,-67.26
320783,-67.16
320878,-67.14
320973,-67.18
321070,-67.11
321165,-67.10
321260,-67.27
321355,-67.78
321451,-68.37
321547,-69.31
321642,-70.96
321737,-73.12
321832,-74.66
321928,-75.88
322024,-77.26
322119,-79.06
322214,-81.62
322310,-83.06
322405,-83.19
322501,-83.27
322596,-83.37
322692,-83.52
322787,-83.67
322882,-83.81
322978,-83.93
323074,-84.07
323169,-84.22
323264,-84.43
323359,-84.67
323456,-84.92
323551,-85.15
323646,-85.38
323741,-85.59
323836,-85.78
323933,-85.96
324028,-86.17
324123,-86.37
324218,-86.55
324314,-86.73
324410,-86.90
324505,-87.09
324600,-87.21
324696,-87.21
324792,-87.18
324887,-86.95
324982,-86.51
325078,-86.53
325173,-86.64
325269,-86.42
325364,-86.37
325459,-86.46
325555,-86.53
325650,-86.74
325746,-86.83
325841,-86.94
325937,-87.09
326032,-87.12
326127,-87.18
326223,-87.35
326319,-87.45
326414,-87.82
326509,-88.31
326604,-88.55
326701,-88.55
326796,-87.47
326891,-83.19
326986,-81.75
327081,-81.39
327178,-80.44
327273,-78.74
327368,-77.07
327463,-76.46
327559,-76.24
327655,-74.52
327750,-70.05
327845,-65.36
327941,-58.44
328036,-52.57
328132,-50.42
328227,-50.35
328323,-50.35
328418,-51.39
328513,-55.92
328609,-60.00
328705,-58.82
328800,-52.37
328895,-43.30
328990,-36.47
329086,-34.44
329182,-34.43
329277,-34.52
329372,-36.04
329467,-40.58
329564,-47.41
329659,-54.05
329754,-59.81
329849,-61.93
329945,-62.04
330041,-62.07
330136,-61.93
330231,-61.90
330327,-61.90
330422,-64.78
330518,-74.77
330613,-83.29
330708,-86.85
330804,-87.43
330899,-87.57
330995,-87.66
331090,-87.80
331186,-87.96
331281,-88.12
331376,-88.31
331472,-88.52
331568,-88.73
331663,-88.97
331758,-89.21
331853,-89.43
331950,-89.65
332045,-89.85
332140,-90.05
332235,-90.25
332331,-90.45
332427,-90.64
332522,-90.84
332617,-91.03
332712,-91.21
332808,-91.40
332904,-91.57
332999,-91.74
333094,-91.93
333190,-92.08
333285,-92.25
333381,-92.42
333476,-92.57
333572,-92.73
333667,-92.88
333762,-93.04
333858,-93.19
333954,-93.35
334049,-93.52
334144,-93.68
334239,-93.80
334336,-93.94
334431,-94.08
334526,-94.21
334621,-94.34
334716,-94.46
334813,-94.58
334908,-94.68
335003,-94.82
335098,-94.97
335194,-95.12
335290,-95.25
335385,-95.39
335480,-95.53
335576,-95.67
335671,-95.80
335767,-95.96
335862,-96.14
335958,-96.31
336053,-96.46
336148,-96.61
336244,-96.77
336339,-96.93
336435,-97.10
336530,-97.24
336625,-97.37
336721,-97.53
336817,-97.67
336912,-97.81
337007,-97.94
337102,-98.08
337199,-98.21
337294,-98.34
337389,-98.47
337484,-98.61
337580,-98.75
337676,-98.89
337771,-99.04
337866,-99.18
337961,-99.33
338057,-99.49
338153,-99.65
338248,-99.78
338343,-99.91
338439,-100.06
338534,-100.23
338630,-100.40
338725,-100.57
338821,-100.73
338916,-100.89
339011,-101.03
339107,-101.19
339203,-101.36
339298,-101.54
339393,-101.71
339488,-101.87
339585,-102.02
339680,-102.19
339775,-102.35
339870,-102.52
339965,-102.69
340062,-102.86
340157,-103.03
340252,-103.18
340347,-103.35
340443,-103.50
340539,-103.69
340634,-103.87
340729,-104.04
340825,-104.21
340920,-104.38
341016,-104.56
341111,-104.74
341207,-104.93
341302,-105.12
341397,-105.32
341493,-105.50
341588,-105.69
341684,-105.89
341779,-106.10
341874,-106.31
341970,-106.52
342066,-106.73
342161,-106.92
342256,-107.12
342351,-107.33
342448,-107.53
342543,-107.71
342638,-107.92
342733,-108.15
342829,-108.38
342925,-108.59
343020,-108.80
343115,-109.02
343211,-109.23
343306,-109.44
343402,-109.65
343497,-109.87
343592,-110.08
343688,-110.30
343783,-110.51
343879,-110.72
343974,-110.94
344070,-111.18
344165,-111.39
344260,-111.59
344356,-111.78
344452,-111.97
344547,-112.16
344642,-112.36
344737,-112.57
344834,-112.76
344929,-112.94
345024,-113.14
345119,-113.30
345214,-113.49
345311,-113.67
345406,-113.85
345501,-114.06
345596,-114.25
345692,-114.45
345788,-114.64
345883,-114.84
345978,-115.06
346074,-115.27
346169,-115.46
346265,-115.65
346360,-115.83
346456,-116.03
346551,-116.22
346646,-116.41
346742,-116.59
346838,-116.76
346933,-116.94
347028,-117.08
347123,-117.24
347219,-117.39
347315,-117.54
347410,-117.70
347505,-117.86
347600,-118.02
347697,-118.20
347792,-118.39
347887,-118.55
347982,-118.73
348078,-118.92
348174,-119.11
348269,-119.30
348364,-119.49
348460,-119.67
348555,-119.84
348651,-120.03
348746,-120.19
348841,-120.35
348937,-120.47
349032,-120.62
349128,-120.77
349223,-120.89
349319,-121.01
349414,-121.16
349509,-121.31
349605,-121.43
349701,-121.55
349796,-121.67
349891,-121.82
349986,-121.97
350082,-122.13
350178,-122.28
350273,-122.43
350368,-122.58
350464,-122.75
350559,-122.91
350655,-123.05
350750,-123.20
350845,-123.36
350941,-123.49
351036,-123.63
351132,-123.76
351227,-123.90
351323,-124.04
351418,-124.16
351513,-124.28
351609,-124.39
351705,-124.52
351800,-124.65
351895,-124.78
351990,-124.91
352087,-125.05
352182,-125.19
352277,-125.35
352372,-125.50
352467,-125.64
352564,-125.78
352659,-125.92
352754,-126.07
352849,-126.24
352945,-126.39
353041,-126.53
353136,-126.68
353231,-126.83
353327,-126.98
353422,-127.13
353518,-127.27
353613,-127.39
353709,-127.51
353804,-127.64
353899,-127.76
353995,-127.89
354091,-128.02
354186,-128.14
354281,-128.24
354376,-128.35
354471,-128.45
354568,-128.57
354663,-128.69
354758,-128.79
354853,-128.89
354949,-128.98
355045,-129.09
355140,-129.20
355235,-129.30
355331,-129.41
355426,-129.50
355522,-129.60
355617,-129.71
355713,-129.82
355808,-129.94
355903,-130.05
355999,-130.17
356094,-130.28
356190,-130.38
356285,-130.49
356380,-130.59
356476,-130.70
356572,-130.80
356667,-130.90
356762,-131.02
356857,-131.13
356954,-131.24
357049,-131.35
357144,-131.46
357239,-131.58
357335,-131.69
357431,-131.80
357526,-131.92
357621,-132.02
357716,-132.12
357812,-132.25
357908,-132.39
358003,-132.52
358098,-132.65
358194,-132.79
358289,-132.90
358385,-133.02
358480,-133.13
358576,-133.25
358671,-133.35
358766,-133.47
358862,-133.58
358958,-133.71
359053,-133.84
359148,-133.97
359243,-134.11
359339,-134.23
359435,-134.34
359530,-134.48
359625,-134.60
359720,-134.71
359816,-134.82
359912,-134.92
360007,-135.03
360102,-135.15
360198,-135.29
360293,-135.42
360389,-135.54
360484,-135.67
360580,-135.78
360675,-135.87
360770,-135.96
360866,-136.07
360962,-136.19
361057,-136.29
361152,-136.39
361247,-136.47
361344,-136.57
361439,-136.68
361534,-136.78
361629,-136.88
361724,-136.96
361821,-137.03
361916,-137.12
362011,-137.22
362106,-137.30
362202,-137.35
362298,-137.44
362393,-137.54
362488,-137.62
362584,-137.70
362679,-137.76
362775,-137.82
362870,-137.91
362966,-137.99
363061,-138.08
363156,-138.15
363252,-138.22
363347,-138.31
363443,-138.38
363538,-138.45
363633,-138.50
363729,-138.58
363825,-138.67
363920,-138.75
364015,-138.82
364110,-138.91
364206,-139.00
364302,-139.09
364397,-139.18
364492,-139.25
364588,-139.32
364683,-139.41
364779,-139.51
364874,-139.58
364969,-139.63
365065,-139.68
365160,-139.76
365256,-139.84
365351,-139.91
365447,-139.97
365542,-140.05
365637,-140.11
365733,-140.18
365829,-140.23
365924,-140.29
366019,-140.37
366114,-140.45
366211,-140.53
366306,-140.62
366401,-140.69
366496,-140.75
366592,-140.85
366688,-140.92
366783,-140.99
366878,-141.06
366973,-141.11
367069,-141.14
367164,-141.17
367260,-141.22
367355,-141.26
367451,-141.28
367546,-141.31
367641,-141.33
367737,-141.36
367833,-141.44
367928,-141.54
368023,-141.63
368118,-141.72
368215,-141.84
368310,-141.93
368405,-142.02
368500,-142.11
368595,-142.20
368692,-142.31
368787,-142.44
368882,-142.56
368977,-142.67
369073,-142.79
369169,-142.93
369264,-143.04
369359,-143.13
369455,-143.13
369550,-142.99
369645,-141.91
369741,-140.43
369837,-138.99
369932,-137.40
370027,-135.81
370122,-134.29
370219,-132.68
370314,-130.66
370409,-128.17
370504,-125.80
370599,-123.27
370696,-120.58
370791,-117.12
370886,-113.33
370981,-110.09
371077,-107.66
371173,-107.66
371268,-107.98
371363,-107.74
371459,-106.12
371554,-103.88
371650,-101.75
371745,-99.91
371841,-98.31
371936,-97.96
372031,-99.44
372127,-100.53
372222,-100.71
372318,-100.83
372413,-101.24
372508,-101.68
372604,-102.32
372700,-102.59
372795,-101.80
372890,-98.84
372985,-95.14
373082,-92.48
373177,-90.45
373272,-88.50
373367,-85.94
373463,-83.07
373558,-85.16
373654,-88.85
373749,-87.13
373844,-83.67
373940,-82.08
374035,-80.73
374131,-79.95
374226,-79.57
374322,-78.73
374417,-77.81
374512,-77.49
374608,-78.46
374704,-80.33
374799,-81.03
374894,-82.57
374989,-85.08
375086,-87.75
375181,-88.96
375276,-83.95
375371,-83.02
375467,-82.96
375563,-82.96
375658,-83.11
375753,-83.45
375848,-83.77
375944,-84.20
376040,-84.90
376135,-85.68
376230,-86.33
376326,-87.20
376421,-88.30
376517,-89.08
376612,-89.39
376708,-89.55
376803,-89.92
376898,-90.83
376993,-91.93
377090,-92.64
377185,-92.99
377280,-93.22
377375,-93.60
377470,-93.79
377567,-94.19
377662,-94.23
377757,-93.54
377852,-93.00
377948,-92.25
378044,-91.02
378139,-91.05
378234,-90.83
378330,-90.46
378425,-90.28
378521,-90.46
378616,-89.94
378712,-89.41
378807,-89.67
378902,-89.84
378998,-89.92
379094,-89.86
379189,-90.12
379284,-90.56
379379,-91.12
379475,-92.51
379571,-93.90
379666,-94.85
379761,-95.31
379856,-94.19
379952,-93.89
380048,-94.05
380143,-94.05
380238,-93.47
380334,-92.96
380429,-92.31
380525,-91.24
380620,-90.67
380716,-90.61
380811,-90.27
380906,-89.32
381002,-88.38
381097,-87.26
381193,-85.84
381288,-85.09
381383,-84.62
381479,-84.13
381575,-83.68
381670,-83.86
381765,-84.04
381860,-83.79
381957,-83.63
382052,-83.92
382147,-84.20
382242,-84.13
382338,-83.83
382433,-83.33
382529,-83.32
382624,-82.99
382720,-82.03
382815,-81.90
382910,-82.77
383006,-83.15
383101,-83.13
383197,-83.25
383292,-83.03
383387,-82.24
383483,-81.28
383579,-81.66
383674,-81.84
383769,-81.31
383864,-80.77
383961,-80.91
384056,-81.34
384151,-81.33
384246,-81.16
384342,-81.98
384438,-82.38
384533,-82.59
384628,-82.05
384723,-81.53
384819,-80.96
384914,-79.71
385010,-78.51
385105,-77.38
385201,-77.54
385296,-77.40
385391,-77.38
385487,-77.60
385583,-77.86
385678,-77.72
385773,-77.55
385868,-77.49
385965,-77.37
386060,-77.16
386155,-76.97
386250,-76.80
386345,-76.69
386442,-77.10
386537,-78.22
386632,-79.51
386727,-80.81
386823,-80.84
386919,-80.68
387014,-80.54
387109,-80.40
387205,-80.28
387300,-80.21
387395,-80.19
387491,-80.19
387587,-80.18
387682,-80.20
387777,-80.31
387872,-80.39
387969,-80.50
388064,-80.67
388159,-80.79
388254,-80.89
388349,-81.02
388446,-81.20
388541,-81.37
388636,-81.58
388731,-81.69
388827,-81.74
388923,-81.74
389018,-81.40
389113,-80.34
389209,-78.28
389304,-75.17
389400,-73.22
389495,-72.93
389591,-73.08
389686,-73.18
389781,-73.23
389876,-73.35
389972,-73.48
390068,-73.56
390163,-73.58
390258,-73.51
390353,-73.46
390450,-73.51
390545,-73.60
390640,-74.09
390735,-75.30
390831,-77.50
390927,-80.54
391022,-80.54
391117,-80.33
391213,-80.12
391308,-79.68
391404,-77.58
391499,-76.24
391595,-73.41
391690,-71.70
391785,-71.39
391880,-71.39
391976,-76.08
392072,-85.02
392167,-92.79
392262,-95.99
392357,-95.40
392454,-95.21
392549,-95.12
392644,-94.97
392739,-96.86
392835,-99.01
392931,-97.10
393026,-94.78
393121,-94.55
393217,-93.10
393312,-93.95
393408,-99.56
393503,-106.63
393598,-105.71
393694,-94.09
393789,-84.75
393884,-77.56
393980,-75.70
394076,-79.45
394171,-80.10
394266,-81.43
394361,-80.35
394458,-81.02
394553,-80.00
394648,-83.32
394743,-89.50
394839,-90.06
394935,-90.06
395030,-80.56
395125,-71.27
395220,-67.24
395316,-60.97
395412,-53.89
395507,-48.21
395602,-47.92
395698,-47.94
395793,-43.17
395888,-36.13
395984,-24.15
396080,-16.91
396175,-13.73
396270,-15.14
396365,-14.20
396462,-12.87
396557,-14.50
396652,-25.74
396747,-36.46
396843,-41.92
396939,-41.91
397034,-43.86
397129,-54.96
397224,-66.57
397320,-79.13
397416,-82.23
397511,-84.02
397606,-90.70
397702,-99.49
397797,-102.45
397892,-103.39
397988,-103.73
398084,-103.87
398179,-104.03
398274,-104.19
398369,-104.49
398466,-104.58
398561,-104.58
398656,-104.94
398751,-104.95
398846,-100.70
398943,-88.97
399038,-84.64
399133,-84.59
399228,-84.53
399324,-84.50
399419,-84.47
399515,-84.39
399610,-84.30
399706,-83.89
399801,-83.52
399896,-83.52
399992,-83.81
400088,-90.06
400183,-101.82
400278,-111.94
400373,-122.06
400470,-134.04
400565,-146.28
400660,-158.27
400755,-170.14
400850,-181.97
400947,-193.81
401042,-205.71
401137,-217.66
401232,-229.59
401328,-241.84
401423,-254.07
401519,-265.69
401614,-271.32
401710,-273.08
401805,-273.20
401900,-273.02
401996,-273.02
402092,-270.96
402187,-267.72
402282,-267.11
402377,-266.40
402473,-260.98
402569,-253.49
402664,-240.81
402759,-228.92
402854,-217.02
402951,-205.08
403046,-194.17
403141,-189.58
403236,-189.58
403332,-189.64
403428,-189.67
403523,-189.70
403618,-189.77
403714,-192.39
403809,-196.15
403904,-196.71
404000,-196.59
404096,-197.28
404191,-202.71
404286,-215.01
404381,-221.51
404477,-225.45
404573,-232.53
404668,-233.73
404763,-238.36
404858,-242.05
404955,-239.84
405050,-230.08
405145,-220.12
405240,-208.39
405336,-196.61
405432,-185.99
405527,-177.89
405622,-168.36
405718,-157.12
405813,-145.26
405908,-133.81
406004,-122.84
406099,-116.43
406195,-112.56
406290,-105.51
406385,-103.34
406481,-96.60
406577,-86.92
406672,-85.03
406767,-84.85
406862,-84.77
406959,-84.77
407054,-84.77
407149,-84.78
407244,-84.73
407340,-84.71
407436,-84.76
407531,-84.75
407626,-84.78
407721,-84.82
407817,-84.80
407913,-84.79
408008,-84.82
408103,-84.89
408199,-84.83
408294,-84.75
408389,-84.62
408485,-84.39
408581,-83.89
408676,-83.89
408771,-84.09
408866,-84.30
408963,-85.39
409058,-87.96
409153,-88.74
409248,-88.79
409344,-88.54
409440,-88.49
409535,-88.64
409630,-88.65
409725,-88.51
409821,-88.47
409916,-88.61
410012,-88.79
410107,-89.23
410203,-89.90
410298,-90.52
410393,-90.36
410489,-90.13
410585,-89.07
410680,-86.49
410775,-85.65
410870,-85.30
410967,-85.28
411062,-85.43
411157,-85.47
411252,-85.34
411347,-85.33
411444,-85.36
411539,-85.37
411634,-85.26
411729,-85.22
411825,-85.13
411921,-85.15
412016,-84.98
412111,-84.95
412207,-84.97
412302,-84.97
412397,-84.98
412493,-84.99
412589,-84.96
412684,-84.95
412779,-84.95
412874,-84.96
412971,-84.96
413066,-84.98
413161,-84.99
413256,-84.99
413351,-84.99
413448,-84.94
413543,-84.89
413638,-84.89
413733,-85.06
413829,-85.07
413925,-85.01
414020,-85.00
414115,-84.99
414211,-84.96
414306,-84.97
414401,-84.98
414497,-85.01
414593,-85.01
414688,-85.01
414783,-85.00
414878,-85.01
414974,-85.03
415070,-85.03
415165,-85.03
415260,-85.05
415355,-84.90
415452,-84.85
415547,-84.76
415642,-84.50
415737,-84.52
415833,-84.53
415929,-84.57
416024,-84.56
416119,-84.57
416215,-84.57
416310,-84.55
416406,-84.55
416501,-84.59
416596,-85.82
416692,-91.90
416787,-112.08
416882,-127.66
416978,-139.68
417074,-151.52
417169,-163.46
417264,-175.60
417359,-187.49
417456,-199.38
417551,-211.28
417646,-223.10
417741,-234.96
417837,-246.79
417933,-258.65
418028,-270.52
418123,-281.13
418219,-286.92
418314,-286.96
418409,-278.67
418505,-274.97
418600,-274.81
418696,-274.80
418791,-274.80
418886,-274.81
418982,-274.81
419078,-274.83
419173,-274.81
419268,-274.80
419363,-274.81
419460,-274.83
419555,-274.83
419650,-274.82
419745,-274.81
419841,-274.81
419937,-274.79
420032,-274.79
420127,-274.79
420222,-274.80
420318,-274.80
420413,-274.81
420509,-274.83
420604,-274.83
420700,-274.83
420795,-274.82
420890,-274.82
420986,-274.80
421082,-274.79
421177,-274.77
421272,-274.76
421367,-274.76
421464,-274.74
421559,-274.77
421654,-274.79
421749,-274.78
421844,-274.78
421941,-274.75
422036,-274.72
422131,-274.68
422226,-274.65
422322,-274.67
422417,-274.68
422513,-274.70
422608,-274.73
422704,-274.76
422799,-274.77
422894,-274.81
422990,-274.82
423086,-274.83
423181,-274.83
423276,-274.81
423371,-274.80
423468,-274.79
423563,-274.79
423658,-274.80
423753,-274.81
423848,-274.82
423944,-274.81
424040,-274.81
424135,-274.78
424230,-274.76
424326,-274.76
424421,-274.73
424517,-274.71
424612,-274.71
424708,-274.70
424803,-274.70
424898,-274.70
424994,-274.72
425090,-274.74
425185,-274.74
425280,-274.74
425375,-274.74
425472,-274.74
425567,-274.76
425662,-274.78
425757,-274.79
425852,-274.80
425948,-274.80
426044,-274.79
426139,-274.78
426234,-274.76
426330,-274.74
426425,-274.72
426521,-274.70
426616,-274.72
426712,-274.71
426807,-274.68
426902,-274.66
426998,-274.64
427094,-274.65
427189,-274.63
427284,-274.61
427379,-274.61
427475,-274.60
427571,-274.59
427666,-274.58
427761,-274.60
427856,-274.63
427952,-274.65
428048,-274.63
428143,-274.64
428238,-274.66
428334,-274.65
428429,-274.66
428525,-274.67
428620,-274.66
428716,-274.66
428811,-274.66
428906,-274.67
429002,-274.65
429097,-274.63
429193,-274.65
429288,-274.67
429383,-274.67
429479,-274.65
429575,-274.63
429670,-274.61
429765,-274.61
429860,-274.60
429956,-274.59
430052,-274.58
430147,-274.58
430242,-274.55
430338,-274.55
430433,-274.56
430529,-274.53
430624,-274.53
430720,-274.57
430815,-274.60
430910,-274.59
431006,-274.58
431101,-274.59
431197,-274.58
431292,-274.58
431387,-274.60
431483,-274.63
431579,-274.65
431674,-274.65
431769,-274.64
431864,-274.65
431960,-274.66
432056,-274.67
432151,-274.66
432246,-274.66
432342,-274.64
432437,-274.60
432533,-274.60
432628,-274.59
432723,-274.57
432819,-274.56
432914,-274.58
433010,-274.60
433105,-274.60
433201,-274.59
433296,-274.58
433391,-274.59
433487,-274.60
433583,-274.59
433678,-274.59
433773,-274.59
433868,-274.60
433965,-274.61
434060,-274.62
434155,-274.64
434250,-274.63
434345,-274.62
434441,-274.63
434537,-274.63
434632,-274.63
434727,-274.61
434823,-274.59
434918,-274.57
435014,-274.56
435109,-274.57
435205,-274.57
435300,-274.57
435395,-274.58
435491,-274.58
435587,-274.57
435682,-274.57
435777,-274.58
435872,-274.58
435969,-274.56
436064,-274.56
436159,-274.57
436254,-274.55
436349,-274.51
436445,-274.51
436541,-274.52
436636,-274.54
436731,-274.53
436827,-274.52
436922,-274.51
437018,-274.51
437113,-274.51
437209,-274.52
437304,-274.53
437399,-274.52
437495,-274.49
437591,-274.46
437686,-274.49
437781,-274.49
437876,-274.50
437972,-274.51
438068,-274.53
438163,-274.54
438258,-274.53
438353,-274.51
438450,-274.51
438545,-274.51
438640,-274.53
438735,-274.54
438831,-274.54
438926,-274.54
439022,-274.55
439117,-274.55
439213,-274.56
439308,-274.58
439403,-274.58
439499,-274.58
439595,-274.59
439690,-274.60
439785,-274.62
439880,-274.63
439976,-274.63
440072,-274.64
440167,-274.66
440262,-274.67
440357,-274.65
440454,-274.65
440549,-274.65
440644,-274.63
440739,-274.60
440835,-274.59
440931,-274.58
441026,-274.58
441121,-274.60
441217,-274.60
441312,-274.57
441407,-274.58
441503,-274.57
441598,-274.56
441694,-274.58
441789,-274.57
441884,-274.56
441980,-274.57
442076,-274.58
442171,-274.58
442266,-274.56
442361,-274.55
442458,-274.55
442553,-274.56
442648,-274.56
442743,-274.56
442839,-274.56
442935,-274.56
443030,-274.56
443125,-274.56
443220,-274.55
443316,-274.56
443411,-274.56
443507,-274.56
443602,-274.56
443698,-274.54
443793,-274.53
443888,-274.53
443984,-274.53
444080,-274.55
444175,-274.55
444270,-274.54
444365,-274.53
444462,-274.55
444557,-274.52
444652,-274.50
444747,-274.49
444843,-274.46
444939,-274.46
445034,-274.46
445129,-274.46
445224,-274.46
445320,-274.49
